iter	MAPE	RMSE
0	0.9989535362	5597.844758
1	0.9979047697	5592.413604
2	0.9968573191	5586.988036
3	0.9958139803	5581.576722
4	0.9947716283	5576.170549
5	0.9937271382	5570.761359
6	0.9926837993	5565.358067
7	0.9916446546	5559.969127
8	0.990603125	5554.577195
9	0.9895659539	5549.199169
10	0.9885268092	5543.817916
11	0.9874916118	5538.450866
12	0.986454523	5533.080355
13	0.9854214638	5527.724345
14	0.9843896382	5522.373633
15	0.9833555921	5517.020233
16	0.9823225329	5511.671896
17	0.98129375	5506.337908
18	0.9802628289	5501.001508
19	0.9792328947	5495.669717
20	0.9782072368	5490.352349
21	0.9771793586	5485.031084
22	0.9761527138	5479.715982
23	0.9751300987	5474.414369
24	0.9741086349	5469.119222
25	0.9730848684	5463.820206
26	0.9720653783	5458.535255
27	0.971046875	5453.256062
28	0.9700292763	5447.98163
29	0.9690129112	5442.713747
30	0.9679944079	5437.441776
31	0.9669751645	5432.182976
32	0.9659616776	5426.931028
33	0.9649492599	5421.684172
34	0.9639347039	5416.433762
35	0.9629244243	5411.197891
36	0.9619151316	5405.967157
37	0.9609035362	5400.733656
38	0.9598961349	5395.51349
39	0.9588898849	5390.299531
40	0.9578814967	5385.081548
41	0.9568740132	5379.869276
42	0.9558708882	5374.670945
43	0.9548652138	5369.469638
44	0.953861102	5364.272803
45	0.9528575658	5359.082
46	0.9518584704	5353.904975
47	0.9508581414	5348.723456
48	0.949860773	5343.557311
49	0.9488647204	5338.395728
50	0.9478693257	5333.240274
51	0.9468719572	5328.081127
52	0.9458763158	5322.92631
53	0.9448791118	5317.786215
54	0.9438832237	5312.651275
55	0.9428933388	5307.521245
56	0.9419041941	5302.398221
57	0.9409157895	5297.279359
58	0.9399284539	5292.165974
59	0.9389421053	5287.065128
60	0.9379567434	5281.961967
61	0.9369722039	5276.864592
62	0.9359887336	5271.772233
63	0.9350064145	5266.685167
64	0.9340215461	5261.597116
65	0.9330381579	5256.511752
66	0.9320586349	5251.440117
67	0.9310802632	5246.374099
68	0.9300981908	5241.31266
69	0.9291216283	5236.257133
70	0.9281443257	5231.196192
71	0.9271698191	5226.150678
72	0.9261962993	5221.110594
73	0.9252219572	5216.066169
74	0.9242508224	5211.03566
75	0.9232245888	5206.002145
76	0.9222550987	5200.982858
77	0.9212818257	5195.967485
78	0.920314227	5190.958696
79	0.9193474507	5185.955179
80	0.9183214638	5180.949492
81	0.9173538651	5175.947228
82	0.9163871711	5170.94973
83	0.9153692434	5165.957814
84	0.9144078125	5160.985664
85	0.9134470395	5156.012466
86	0.9124874178	5151.044912
87	0.9115288651	5146.081678
88	0.9105724507	5141.122241
89	0.9096148026	5136.170372
90	0.9086561678	5131.2148
91	0.9076999178	5126.284043
92	0.9067447368	5121.358506
93	0.9057911184	5116.42634
94	0.9048389803	5111.499402
95	0.9038848684	5106.574736
96	0.9029347039	5101.657485
97	0.9019855263	5096.746047
98	0.9009818257	5091.836918
99	0.9000345395	5086.935256
100	0.8990884868	5082.037825
101	0.8981442434	5077.149529
102	0.8971963816	5072.260331
103	0.8962509868	5067.369138
104	0.8953066612	5062.504015
105	0.8943654605	5057.631758
106	0.893425	5052.765452
107	0.8924824013	5047.895274
108	0.8915425987	5043.051035
109	0.8906020559	5038.189541
110	0.8896617599	5033.33925
111	0.8887262336	5028.498
112	0.8877916118	5023.66609
113	0.8868556743	5018.824581
114	0.8859225329	5013.997934
115	0.8849907895	5009.176
116	0.8840553454	5004.357141
117	0.8831254112	4999.544399
118	0.8821427632	4994.72923
119	0.8812143914	4989.926557
120	0.8802289474	4985.121471
121	0.8792445724	4980.321168
122	0.8783145559	4975.534813
123	0.8773899671	4970.752454
124	0.8764660362	4965.975491
125	0.8755433388	4961.202828
126	0.8746205592	4956.446447
127	0.8736993421	4951.684103
128	0.872779852	4946.926658
129	0.8718594572	4942.163237
130	0.8709418586	4937.411149
131	0.8700231086	4932.678257
132	0.8691047697	4927.95146
133	0.8681879934	4923.228811
134	0.8672754934	4918.496859
135	0.8663615954	4913.773547
136	0.8654463816	4909.04541
137	0.8645352796	4904.331282
138	0.8636235197	4899.632048
139	0.8627109375	4894.918437
140	0.8617980263	4890.216929
141	0.8608886513	4885.532924
142	0.8599783717	4880.840184
143	0.8590690789	4876.15368
144	0.8581638158	4871.473713
145	0.8572032072	4866.789529
146	0.8562997533	4862.119561
147	0.8553977796	4857.453625
148	0.8544935033	4852.78377
149	0.8535934211	4848.12507
150	0.8526921875	4843.485247
151	0.8517928454	4838.847534
152	0.850892352	4834.198236
153	0.8499926809	4829.557032
154	0.8490974507	4824.921944
155	0.8482012336	4820.303866
156	0.8473043586	4815.671332
157	0.8464101151	4811.064162
158	0.8455176809	4806.450853
159	0.8446222039	4801.840296
160	0.8436747533	4797.234799
161	0.8427838816	4792.643444
162	0.8418950658	4788.049703
163	0.841007648	4783.459627
164	0.8400636513	4778.875103
165	0.8391775493	4774.290801
166	0.8382881579	4769.714675
167	0.8374006579	4765.140524
168	0.8365160362	4760.58328
169	0.8356337171	4756.017608
170	0.8347499178	4751.45234
171	0.833811102	4746.892709
172	0.8329299342	4742.354442
173	0.8320491776	4737.812847
174	0.8311686678	4733.263396
175	0.8302914474	4728.730284
176	0.8294157072	4724.199539
177	0.8285377467	4719.667076
178	0.827660773	4715.138742
179	0.8267876645	4710.623775
180	0.8259131579	4706.11503
181	0.8250400493	4701.617662
182	0.8241697368	4697.12054
183	0.8232427632	4692.616462
184	0.8223737664	4688.123508
185	0.8214472862	4683.63567
186	0.8205759868	4679.151489
187	0.8197099507	4674.673632
188	0.8188444079	4670.197095
189	0.8179802632	4665.723803
190	0.8171136513	4661.256134
191	0.8162481086	4656.806548
192	0.8153844572	4652.362344
193	0.8145226151	4647.92057
194	0.8136606908	4643.485987
195	0.8128002467	4639.052369
196	0.8119398849	4634.615254
197	0.8110814967	4630.18968
198	0.8102222862	4625.749581
199	0.8093639803	4621.317308
200	0.8085087993	4616.90409
201	0.8076506579	4612.484854
202	0.8067969572	4608.087428
203	0.8059449836	4603.681157
204	0.8050930099	4599.287764
205	0.8042434211	4594.89047
206	0.8033944901	4590.500085
207	0.8025461349	4586.108956
208	0.8016967928	4581.715727
209	0.8007931743	4577.342394
210	0.7998883224	4572.97378
211	0.7990388158	4568.600083
212	0.7981903783	4564.233077
213	0.7973439145	4559.882614
214	0.796501727	4555.524969
215	0.7956597862	4551.170578
216	0.7947717105	4546.821273
217	0.7939332237	4542.476459
218	0.7930880757	4538.142535
219	0.7922490132	4533.816793
220	0.7914127467	4529.483874
221	0.7905754112	4525.166319
222	0.7897376645	4520.832738
223	0.7888977796	4516.508746
224	0.7880624178	4512.182751
225	0.7872278783	4507.882905
226	0.7863964638	4503.58217
227	0.7855649671	4499.281924
228	0.7847311678	4495.010254
229	0.7838998355	4490.728375
230	0.7830696546	4486.452866
231	0.7821931743	4482.174664
232	0.7813637336	4477.908704
233	0.7804849507	4473.626803
234	0.7796577303	4469.36565
235	0.7788303454	4465.112327
236	0.7780069079	4460.849535
237	0.777182648	4456.603254
238	0.7763575658	4452.350135
239	0.7755374178	4448.100858
240	0.774713898	4443.853106
241	0.7738929276	4439.602067
242	0.7730727796	4435.378839
243	0.7722044408	4431.149717
244	0.7713858553	4426.932917
245	0.7705666118	4422.709913
246	0.7697500822	4418.490992
247	0.7689311678	4414.275852
248	0.7681158717	4410.067008
249	0.7673013158	4405.873401
250	0.7664881579	4401.671255
251	0.7656741776	4397.469485
252	0.7648621711	4393.286152
253	0.7640494243	4389.110462
254	0.7632408717	4384.929065
255	0.7624324013	4380.750763
256	0.761626727	4376.572255
257	0.7607686678	4372.395276
258	0.7599616776	4368.241308
259	0.7591543586	4364.088286
260	0.7583520559	4359.928303
261	0.7575503289	4355.773532
262	0.7566929276	4351.621928
263	0.7558921053	4347.468581
264	0.755045477	4343.321268
265	0.7542463816	4339.182234
266	0.7534458882	4335.05898
267	0.7526469572	4330.914279
268	0.7518478618	4326.792872
269	0.7510074836	4322.660353
270	0.750167023	4318.537458
271	0.7493682566	4314.422456
272	0.7485259046	4310.310247
273	0.7477306743	4306.208689
274	0.7469363487	4302.111399
275	0.7461416118	4298.014376
276	0.7453453947	4293.925493
277	0.7445540296	4289.851367
278	0.7437654605	4285.767091
279	0.7429164474	4281.680368
280	0.7420851974	4277.599901
281	0.7412421053	4273.520058
282	0.740403125	4269.456514
283	0.7396192434	4265.392333
284	0.7388334704	4261.345483
285	0.738048602	4257.30143
286	0.7372625	4253.249152
287	0.7364791941	4249.214116
288	0.7356972039	4245.183531
289	0.7349163651	4241.148303
290	0.7341362664	4237.098649
291	0.73330625	4233.054899
292	0.7324771382	4229.032567
293	0.7317009046	4225.009018
294	0.7309240132	4220.9934
295	0.7301444079	4216.983611
296	0.7293685033	4212.987689
297	0.7285930921	4208.994202
298	0.7278180099	4204.997907
299	0.72704375	4201.012425
300	0.7262668586	4197.026281
301	0.7254950658	4193.024667
302	0.7246797697	4189.03718
303	0.7239084704	4185.063202
304	0.7231384868	4181.091222
305	0.7223720395	4177.116125
306	0.7215434211	4173.156252
307	0.7207762336	4169.202546
308	0.7200100329	4165.24459
309	0.7192449013	4161.299282
310	0.7184788651	4157.356535
311	0.7177165296	4153.402405
312	0.7169524671	4149.469279
313	0.7161884046	4145.525265
314	0.7154280428	4141.593653
315	0.7146662007	4137.665641
316	0.7139077303	4133.739904
317	0.7131472039	4129.827139
318	0.7123481086	4125.895783
319	0.7115884868	4121.990802
320	0.7108330592	4118.076088
321	0.7100780428	4114.172907
322	0.7093224507	4110.279782
323	0.7085705592	4106.377759
324	0.7077550987	4102.4769
325	0.7069615132	4098.570646
326	0.7062069901	4094.68223
327	0.7054552632	4090.808162
328	0.7047051809	4086.930253
329	0.7039148849	4083.042072
330	0.7031223684	4079.160331
331	0.7023721217	4075.306379
332	0.7015823191	4071.43929
333	0.7007950658	4067.567677
334	0.7000501645	4063.708841
335	0.6992628289	4059.850926
336	0.6985197368	4056.001757
337	0.6977761513	4052.141612
338	0.6969847862	4048.302324
339	0.6961912829	4044.467749
340	0.6954489309	4040.643877
341	0.6947060033	4036.81023
342	0.6939662007	4032.995176
343	0.6932247533	4029.172058
344	0.6924879934	4025.353707
345	0.6917500822	4021.550085
346	0.6910109375	4017.736165
347	0.6902740954	4013.941995
348	0.6895387747	4010.149913
349	0.6888024671	4006.362334
350	0.688026028	4002.565311
351	0.6872965461	3998.768822
352	0.6865587171	3994.999809
353	0.6857808388	3991.227409
354	0.6849891859	3987.450229
355	0.6842571546	3983.694057
356	0.6835263158	3979.934167
357	0.6827986431	3976.165691
358	0.6820696957	3972.412569
359	0.6813412829	3968.647553
360	0.6805667763	3964.88627
361	0.6798387336	3961.132736
362	0.6791117187	3957.40301
363	0.6783418586	3953.647256
364	0.6776166941	3949.902253
365	0.676894778	3946.155095
366	0.6761710115	3942.418198
367	0.6754482319	3938.684061
368	0.6747291941	3934.963387
369	0.6740084293	3931.25358
370	0.6732825658	3927.552388
371	0.6725648438	3923.82907
372	0.6717990132	3920.10767
373	0.6710813734	3916.412855
374	0.670321176	3912.700975
375	0.6695664885	3908.997747
376	0.6688543174	3905.29613
377	0.6681414474	3901.604793
378	0.6673889803	3897.907836
379	0.6666344161	3894.22101
380	0.6659245888	3890.535478
381	0.6652120477	3886.85497
382	0.6645011924	3883.176659
383	0.6637876645	3879.51442
384	0.6630790296	3875.859223
385	0.6623710115	3872.189173
386	0.6616201891	3868.52848
387	0.6609155428	3864.873067
388	0.6602113898	3861.219195
389	0.6594577303	3857.570625
390	0.6587067434	3853.920391
391	0.6580038651	3850.281209
392	0.6573011924	3846.657774
393	0.6565997122	3843.015664
394	0.6558937089	3839.396511
395	0.6551542352	3835.763333
396	0.654453125	3832.153533
397	0.653753824	3828.547537
398	0.6530540296	3824.945536
399	0.6523115132	3821.324794
400	0.6516131579	3817.730073
401	0.6509166941	3814.119484
402	0.6502217105	3810.510543
403	0.6495266447	3806.906335
404	0.6488314967	3803.307055
405	0.648079153	3799.717619
406	0.6473865543	3796.145687
407	0.6466956414	3792.577485
408	0.6460012747	3789.001918
409	0.6453131579	3785.427711
410	0.6446230263	3781.870009
411	0.6438951891	3778.299828
412	0.6432064556	3774.742353
413	0.6425216283	3771.181156
414	0.6418363487	3767.628312
415	0.641149301	3764.07358
416	0.6404653372	3760.526862
417	0.6397803043	3756.992402
418	0.6390532895	3753.44322
419	0.6383684622	3749.918089
420	0.6376481497	3746.376568
421	0.6369205181	3742.841095
422	0.6361987664	3739.313534
423	0.6355168997	3735.798707
424	0.6348349507	3732.277058
425	0.6341535362	3728.771693
426	0.6334733553	3725.252846
427	0.6327534128	3721.738641
428	0.6320771793	3718.244307
429	0.631399301	3714.742229
430	0.6307266859	3711.240006
431	0.6300451069	3707.762012
432	0.6293687089	3704.281683
433	0.6286956414	3700.785965
434	0.6280239309	3697.303361
435	0.6273083059	3693.817473
436	0.6266366776	3690.350725
437	0.6259654605	3686.892879
438	0.625292023	3683.422798
439	0.6245805921	3679.941008
440	0.6239123355	3676.470932
441	0.6232424753	3673.012228
442	0.6225752467	3669.549136
443	0.6219106908	3666.104224
444	0.6212431332	3662.673211
445	0.6205736431	3659.233325
446	0.6199091283	3655.804545
447	0.6192436678	3652.36499
448	0.6185412007	3648.933914
449	0.6178768092	3645.503205
450	0.6172141447	3642.085364
451	0.6165515214	3638.67474
452	0.6158916941	3635.26528
453	0.6152294408	3631.857749
454	0.6145699836	3628.449299
455	0.6139071546	3625.041831
456	0.6132474095	3621.642205
457	0.6125516036	3618.240147
458	0.6118944079	3614.849963
459	0.6112017681	3611.447429
460	0.6105335115	3608.043597
461	0.6098761924	3604.678081
462	0.6091814145	3601.27628
463	0.6085271382	3597.892353
464	0.6078686678	3594.531726
465	0.6072191612	3591.15201
466	0.6065679687	3587.777378
467	0.6059180099	3584.424588
468	0.6052676809	3581.056909
469	0.6046190378	3577.688566
470	0.6039690789	3574.329015
471	0.6033196135	3570.985815
472	0.6026715872	3567.64683
473	0.6020250411	3564.292137
474	0.6013791941	3560.96431
475	0.6006926809	3557.613399
476	0.600047574	3554.277767
477	0.5994051398	3550.943858
478	0.5987620066	3547.621595
479	0.5981180099	3544.303614
480	0.5974761102	3540.992655
481	0.5968337171	3537.667286
482	0.5961484786	3534.345426
483	0.5954598273	3531.02845
484	0.5947826891	3527.716568
485	0.5941442023	3524.406664
486	0.5934534951	3521.103836
487	0.5927624589	3517.803006
488	0.5920972039	3514.499075
489	0.5914507812	3511.202842
490	0.5908153372	3507.910001
491	0.590144778	3504.623908
492	0.5895106908	3501.348129
493	0.588836801	3498.059027
494	0.5882043174	3494.789728
495	0.5875374589	3491.511242
496	0.5869044408	3488.255583
497	0.5862736431	3484.986588
498	0.585644449	3481.734338
499	0.584972574	3478.476072
500	0.5843449836	3475.227059
501	0.583669778	3471.967058
502	0.5830429276	3468.711152
503	0.5823631579	3465.464729
504	0.5816930921	3462.22363
505	0.5810677632	3458.979294
506	0.5804035773	3455.753273
507	0.579776727	3452.534228
508	0.5791553865	3449.302979
509	0.5784987253	3446.077308
510	0.5778768503	3442.848013
511	0.5772576891	3439.629125
512	0.5766365132	3436.417459
513	0.5760171053	3433.206607
514	0.5753999589	3429.998984
515	0.5747365543	3426.803456
516	0.5740832648	3423.60817
517	0.5734652961	3420.424421
518	0.5728466694	3417.241541
519	0.572230551	3414.053875
520	0.5715814145	3410.864443
521	0.5709700247	3407.679517
522	0.5703574836	3404.495056
523	0.5697441612	3401.312278
524	0.5691332648	3398.132914
525	0.5685214227	3394.974956
526	0.5678653783	3391.799821
527	0.5672167352	3388.63759
528	0.5666068257	3385.483205
529	0.5659990543	3382.319759
530	0.5653887336	3379.174482
531	0.5647761924	3376.030769
532	0.5641673109	3372.892103
533	0.5635220806	3369.738742
534	0.5629153783	3366.590522
535	0.5622726974	3363.455455
536	0.5616662007	3360.324957
537	0.5610612664	3357.18219
538	0.5604194901	3354.03401
539	0.5597887747	3350.898827
540	0.5591866365	3347.789248
541	0.5585860197	3344.669043
542	0.5579863076	3341.561615
543	0.5573518503	3338.450468
544	0.5567502056	3335.347691
545	0.5561506168	3332.242025
546	0.5555533306	3329.143305
547	0.5549462993	3326.040246
548	0.5543457648	3322.947679
549	0.5537504934	3319.858362
550	0.5531175576	3316.755455
551	0.5525185033	3313.684619
552	0.5519248355	3310.599785
553	0.5513315378	3307.52876
554	0.5507254112	3304.435883
555	0.5500824013	3301.364035
556	0.5494550164	3298.293404
557	0.5488518914	3295.211015
558	0.5482599918	3292.154657
559	0.5476415296	3289.086125
560	0.5470520559	3286.019976
561	0.5464641036	3282.955902
562	0.5458743421	3279.904845
563	0.5452551398	3276.850421
564	0.5446705181	3273.803156
565	0.5440821957	3270.769609
566	0.5434851563	3267.712346
567	0.5428884868	3264.686452
568	0.5423044819	3261.659019
569	0.5417223273	3258.637031
570	0.5410967516	3255.599523
571	0.5405133224	3252.57901
572	0.5399315789	3249.550912
573	0.5393459293	3246.547614
574	0.5387669408	3243.522393
575	0.5381894737	3240.507014
576	0.5376101151	3237.503956
577	0.5370334293	3234.500882
578	0.5364540707	3231.495018
579	0.5358672697	3228.491589
580	0.5352897204	3225.500657
581	0.5347080592	3222.497422
582	0.5340953947	3219.496421
583	0.5335212582	3216.502807
584	0.5329092516	3213.515529
585	0.5323255757	3210.523322
586	0.5317516447	3207.557358
587	0.531168051	3204.567876
588	0.530595847	3201.590039
589	0.5300254934	3198.627114
590	0.5294430921	3195.646764
591	0.5288751645	3192.689776
592	0.5283034951	3189.736426
593	0.5277351974	3186.775578
594	0.5271560033	3183.804609
595	0.5265610197	3180.85548
596	0.5259823191	3177.905243
597	0.5254060444	3174.948679
598	0.5248430099	3172.001756
599	0.5242771382	3169.070596
600	0.5237039885	3166.130294
601	0.5231427632	3163.193802
602	0.5225826891	3160.262549
603	0.5219900493	3157.339609
604	0.5214182977	3154.400838
605	0.5208185855	3151.468193
606	0.5202613076	3148.545852
607	0.5196889391	3145.614327
608	0.5191284128	3142.711128
609	0.5185379934	3139.778659
610	0.5179435033	3136.873138
611	0.5173559211	3133.945993
612	0.5167874178	3131.037483
613	0.5162212582	3128.129356
614	0.5156651316	3125.245122
615	0.5151120066	3122.368055
616	0.5145569079	3119.487118
617	0.5139928454	3116.588024
618	0.5134325247	3113.699967
619	0.5128783306	3110.828079
620	0.5123261924	3107.956089
621	0.511748602	3105.084886
622	0.5111644326	3102.189901
623	0.5105829359	3099.322149
624	0.5100046875	3096.445948
625	0.5094530839	3093.602529
626	0.5088962582	3090.738862
627	0.5083131579	3087.877342
628	0.5077580181	3085.014956
629	0.5072108964	3082.172743
630	0.5066667763	3079.325217
631	0.5061241776	3076.488286
632	0.5055366365	3073.642789
633	0.5049490132	3070.806786
634	0.5044055099	3067.977718
635	0.5038564556	3065.145251
636	0.5033138158	3062.320301
637	0.5027667763	3059.504919
638	0.5021990954	3056.66223
639	0.5016621711	3053.841745
640	0.5010949424	3051.020574
641	0.500526028	3048.193397
642	0.4999511513	3045.376621
643	0.4994122533	3042.576622
644	0.4988678865	3039.7703
645	0.4983299342	3036.975469
646	0.4977919408	3034.170219
647	0.4972247122	3031.36078
648	0.4966853207	3028.566388
649	0.4961228618	3025.761549
650	0.4955835937	3022.967344
651	0.4950507401	3020.187342
652	0.4944876645	3017.391176
653	0.493957977	3014.624453
654	0.4934178043	3011.835834
655	0.4928799753	3009.047268
656	0.4923143914	3006.2669
657	0.491785403	3003.504629
658	0.4912526727	3000.738782
659	0.4907164063	2997.961638
660	0.4901830592	2995.218771
661	0.4896465049	2992.451835
662	0.4890941612	2989.692606
663	0.4885417352	2986.937758
664	0.4880159128	2984.196894
665	0.4874831826	2981.441595
666	0.4869511513	2978.688843
667	0.4864277138	2975.955334
668	0.4859050164	2973.217688
669	0.4853731908	2970.47508
670	0.4848251234	2967.730984
671	0.4843027549	2965.01378
672	0.4837832648	2962.298508
673	0.4832660773	2959.587855
674	0.4827378289	2956.857219
675	0.4822097451	2954.13013
676	0.4816952303	2951.419571
677	0.48118125	2948.710615
678	0.4806525905	2945.986405
679	0.4801387747	2943.293426
680	0.479615625	2940.59622
681	0.4791011924	2937.904757
682	0.4785778372	2935.192611
683	0.478028824	2932.495717
684	0.4775182566	2929.811764
685	0.4769967516	2927.110502
686	0.4764502467	2924.415002
687	0.4759393503	2921.740389
688	0.4754273849	2919.070416
689	0.4749154194	2916.409826
690	0.4744051809	2913.745977
691	0.4738896793	2911.059903
692	0.4733814556	2908.396017
693	0.4728530016	2905.72862
694	0.4723477385	2903.057941
695	0.4718401316	2900.40383
696	0.4713354852	2897.75336
697	0.4708306743	2895.106538
698	0.4703019737	2892.435234
699	0.4697988076	2889.795477
700	0.4692979852	2887.156055
701	0.4687972039	2884.508718
702	0.4682562089	2881.859427
703	0.4677492599	2879.223871
704	0.4672498766	2876.590817
705	0.4667447368	2873.967232
706	0.466246875	2871.345935
707	0.4657444079	2868.707934
708	0.4652460115	2866.091094
709	0.4647371711	2863.456443
710	0.4642319079	2860.824913
711	0.4637378289	2858.221129
712	0.4632335526	2855.600235
713	0.4627315378	2852.9779
714	0.4622125822	2850.375056
715	0.4617150082	2847.771286
716	0.461223273	2845.177136
717	0.4607287007	2842.578555
718	0.4602140625	2839.989256
719	0.4597224918	2837.395892
720	0.459232977	2834.814879
721	0.4587457237	2832.233218
722	0.4582530016	2829.636037
723	0.4577572368	2827.039521
724	0.4572662007	2824.448189
725	0.4567795641	2821.874645
726	0.4562942434	2819.301812
727	0.455801028	2816.715729
728	0.4553092105	2814.131192
729	0.4548026727	2811.559247
730	0.4543175164	2809.005207
731	0.4538367187	2806.453637
732	0.4533457648	2803.8808
733	0.4528565789	2801.315204
734	0.4523731086	2798.762538
735	0.4518784539	2796.200018
736	0.4513984375	2793.659593
737	0.4509130345	2791.102274
738	0.4504344161	2788.56809
739	0.4499303865	2786.00944
740	0.4494534951	2783.481401
741	0.4489662829	2780.927869
742	0.4484847039	2778.389992
743	0.4479992187	2775.853025
744	0.4475230263	2773.330404
745	0.4470407895	2770.794655
746	0.4465613076	2768.269418
747	0.4460863487	2765.752849
748	0.4456041941	2763.225875
749	0.4451082237	2760.699712
750	0.4446323602	2758.176987
751	0.4441592516	2755.676236
752	0.4436585937	2753.147906
753	0.4431875822	2750.64158
754	0.4427104441	2748.14075
755	0.4422400082	2745.64631
756	0.4417666941	2743.141805
757	0.4412668997	2740.644955
758	0.4407992599	2738.149355
759	0.4403254934	2735.646939
760	0.4398569079	2733.152328
761	0.4393898849	2730.678175
762	0.4389183799	2728.184964
763	0.4384214227	2725.702126
764	0.4379357319	2723.210438
765	0.4374546464	2720.733836
766	0.4369695312	2718.265003
767	0.4365070724	2715.795958
768	0.436036472	2713.316148
769	0.435567722	2710.841832
770	0.435106949	2708.389962
771	0.4346359375	2705.918534
772	0.4341686266	2703.449695
773	0.4336976151	2700.986518
774	0.4332303043	2698.52237
775	0.4327505757	2696.072346
776	0.4322922697	2693.63943
777	0.431832278	2691.179833
778	0.4313722862	2688.731329
779	0.4309113487	2686.283289
780	0.4304523849	2683.832888
781	0.4299953947	2681.418839
782	0.4295377056	2678.979439
783	0.429053125	2676.540779
784	0.4285897615	2674.103507
785	0.4281365543	2671.692157
786	0.4276807155	2669.274622
787	0.4272174753	2666.84636
788	0.4267678454	2664.420027
789	0.4263108141	2661.996925
790	0.4258558799	2659.576414
791	0.4254053454	2657.158241
792	0.4249335938	2654.746181
793	0.4244576891	2652.328676
794	0.4240041118	2649.915604
795	0.4235446546	2647.50854
796	0.4230761924	2645.106719
797	0.422601727	2642.697364
798	0.4221520559	2640.301095
799	0.42170625	2637.922917
800	0.4212584704	2635.528458
801	0.4207940789	2633.133917
802	0.4203430099	2630.740869
803	0.4198787418	2628.34551
804	0.4194274671	2625.954402
805	0.4189799753	2623.568084
806	0.4185379934	2621.204726
807	0.4180976151	2618.840026
808	0.4176564145	2616.470817
809	0.4172161184	2614.105925
810	0.4167527961	2611.734798
811	0.4163083882	2609.363763
812	0.4158652138	2607.002877
813	0.415420477	2604.637069
814	0.4149577303	2602.275871
815	0.4145203125	2599.936807
816	0.4140731086	2597.57917
817	0.4136308799	2595.219392
818	0.4131962582	2592.868774
819	0.4127539063	2590.52055
820	0.4123153783	2588.183522
821	0.4118812911	2585.85412
822	0.4114394326	2583.510468
823	0.4109979441	2581.175779
824	0.4105650082	2578.843926
825	0.4101144737	2576.496708
826	0.4096818668	2574.181252
827	0.4092469572	2571.856066
828	0.4088146382	2569.545287
829	0.4083859786	2567.223157
830	0.4079525082	2564.903901
831	0.4075251234	2562.599371
832	0.4070897204	2560.276465
833	0.4066547286	2557.960754
834	0.4062287829	2555.662515
835	0.4057935033	2553.350184
836	0.405361102	2551.0436
837	0.4049137336	2548.738853
838	0.4044870888	2546.464393
839	0.4040647204	2544.168784
840	0.4036415707	2541.892678
841	0.4032110197	2539.5928
842	0.4027847039	2537.303345
843	0.402352097	2535.012774
844	0.4019212582	2532.72735
845	0.4014632813	2530.443679
846	0.401016324	2528.158081
847	0.4005935855	2525.895541
848	0.4001705592	2523.612931
849	0.3997395559	2521.337831
850	0.3993146793	2519.064236
851	0.398896875	2516.801881
852	0.3984685855	2514.53269
853	0.398040625	2512.264607
854	0.3976214638	2510.010964
855	0.3971953536	2507.747732
856	0.396757977	2505.479151
857	0.3963397204	2503.215404
858	0.3959185855	2500.958848
859	0.3955042352	2498.726069
860	0.3950808388	2496.472502
861	0.3946656661	2494.215239
862	0.3942525905	2491.975033
863	0.3938397615	2489.73572
864	0.3934224095	2487.493837
865	0.3930077303	2485.249099
866	0.3925896793	2483.011222
867	0.3921753289	2480.783006
868	0.3917645148	2478.558075
869	0.3913550576	2476.348834
870	0.3909414885	2474.124377
871	0.3905256579	2471.907406
872	0.3900862664	2469.691378
873	0.3896697368	2467.470564
874	0.3892617599	2465.267338
875	0.388850699	2463.049817
876	0.3884232319	2460.836886
877	0.3880092516	2458.628837
878	0.3875979441	2456.419646
879	0.3871690789	2454.215494
880	0.3867563322	2452.013581
881	0.3863520559	2449.820952
882	0.3859296053	2447.626077
883	0.3855273437	2445.436284
884	0.3851200247	2443.238459
885	0.3847134046	2441.045719
886	0.3843118421	2438.884244
887	0.3839035773	2436.696221
888	0.3834741776	2434.518133
889	0.3830668174	2432.330579
890	0.3826678043	2430.154824
891	0.3822693257	2427.968879
892	0.3818613898	2425.792766
893	0.3814479441	2423.606587
894	0.3810287007	2421.440228
895	0.3806337993	2419.284191
896	0.3802367599	2417.117812
897	0.3798415296	2414.966771
898	0.3794358141	2412.810668
899	0.3790340872	2410.648058
900	0.3786364309	2408.491526
901	0.378239597	2406.336788
902	0.3778422697	2404.185283
903	0.3774498355	2402.061505
904	0.3770422286	2399.906167
905	0.3766280428	2397.761192
906	0.3762337171	2395.624808
907	0.3758414474	2393.485003
908	0.3754458059	2391.340542
909	0.375054852	2389.209388
910	0.3746665707	2387.07178
911	0.3742790296	2384.949466
912	0.373889227	2382.822729
913	0.3734999178	2380.720316
914	0.3731092516	2378.59248
915	0.3727208059	2376.459908
916	0.3723154605	2374.328182
917	0.3719272615	2372.208789
918	0.3715419408	2370.096451
919	0.3711481086	2367.981647
920	0.3707605263	2365.871221
921	0.3703752056	2363.763872
922	0.3699943668	2361.656468
923	0.3696110197	2359.550545
924	0.3692113898	2357.443691
925	0.3688247122	2355.339346
926	0.3684270148	2353.233925
927	0.3680436266	2351.156254
928	0.3676572368	2349.061621
929	0.3672749589	2346.98878
930	0.3668939556	2344.915725
931	0.3665068257	2342.824861
932	0.366121176	2340.727783
933	0.3657371711	2338.645564
934	0.3653573602	2336.561416
935	0.3649793174	2334.496979
936	0.3645982319	2332.406906
937	0.364216653	2330.331758
938	0.3638323191	2328.257353
939	0.3634574013	2326.200523
940	0.3630769326	2324.13037
941	0.3626939145	2322.065354
942	0.3623168997	2320.018199
943	0.3619369655	2317.954727
944	0.3615623355	2315.907587
945	0.3611762747	2313.826512
946	0.3608007401	2311.772882
947	0.3604259868	2309.740423
948	0.3600507813	2307.680765
949	0.3596791941	2305.637369
950	0.359303824	2303.58939
951	0.3589308388	2301.543186
952	0.3585592105	2299.518336
953	0.358188528	2297.495154
954	0.3578199013	2295.46786
955	0.3574504934	2293.439602
956	0.3570725329	2291.401645
957	0.3567032484	2289.386432
958	0.3563308388	2287.357003
959	0.3559625411	2285.330752
960	0.3555932977	2283.305196
961	0.3552211349	2281.284495
962	0.354855222	2279.250046
963	0.3544848273	2277.224837
964	0.3541181743	2275.205178
965	0.3537469984	2273.186911
966	0.3533819079	2271.190011
967	0.3530101151	2269.174481
968	0.3526418174	2267.160203
969	0.3522769326	2265.183648
970	0.3519101151	2263.1774
971	0.3515465872	2261.172042
972	0.3511759046	2259.169407
973	0.3508092516	2257.16003
974	0.3504476151	2255.175398
975	0.3500849507	2253.198204
976	0.3497216694	2251.217281
977	0.3493590872	2249.230397
978	0.3489941612	2247.243904
979	0.3486222451	2245.259418
980	0.3482598684	2243.276713
981	0.3479010691	2241.303181
982	0.3475419408	2239.328371
983	0.3471826891	2237.344649
984	0.3468138569	2235.370046
985	0.346457648	2233.402036
986	0.3460999178	2231.436464
987	0.3457333059	2229.449279
988	0.3453776316	2227.485097
989	0.3450210938	2225.526466
990	0.3446672286	2223.573168
991	0.3442880757	2221.611709
992	0.3439339844	2219.663435
993	0.3435686266	2217.705362
994	0.3432033923	2215.750384
995	0.3428507813	2213.815804
996	0.3424973273	2211.884834
997	0.3421422286	2209.931574
998	0.3417903783	2208.005643
999	0.3414365748	2206.062552
1000	0.3410872944	2204.135196
1001	0.3407376645	2202.189786
1002	0.3403847656	2200.252454
1003	0.3400346834	2198.318671
1004	0.3396865748	2196.385855
1005	0.3393299753	2194.454716
1006	0.3389693462	2192.508425
1007	0.3386210321	2190.578513
1008	0.3382714844	2188.67109
1009	0.3379200658	2186.756246
1010	0.337560773	2184.818411
1011	0.3372144531	2182.92223
1012	0.3368722862	2181.014517
1013	0.3365219161	2179.095398
1014	0.336177611	2177.171261
1015	0.3358320518	2175.268652
1016	0.3354840872	2173.353427
1017	0.3351189145	2171.446758
1018	0.3347715872	2169.536267
1019	0.3344191612	2167.628389
1020	0.3340769737	2165.716441
1021	0.3337308183	2163.815397
1022	0.3333897615	2161.921855
1023	0.3330511102	2160.026014
1024	0.3327096628	2158.13538
1025	0.3323714638	2156.249888
1026	0.3320294202	2154.38596
1027	0.3316884868	2152.496702
1028	0.331346875	2150.606426
1029	0.3310092516	2148.724119
1030	0.330669963	2146.836868
1031	0.3303285362	2144.95479
1032	0.3299910773	2143.067599
1033	0.3296536801	2141.186558
1034	0.3293171258	2139.302896
1035	0.3289823808	2137.44541
1036	0.3286446135	2135.57573
1037	0.3283042146	2133.71112
1038	0.3279486225	2131.852322
1039	0.3276118215	2130.014249
1040	0.3272787212	2128.156355
1041	0.3269399671	2126.294729
1042	0.3266053865	2124.432283
1043	0.3262717928	2122.578928
1044	0.3259222656	2120.727125
1045	0.3255882813	2118.893889
1046	0.3252439762	2117.047661
1047	0.3249002467	2115.192891
1048	0.3245696546	2113.355018
1049	0.3242389803	2111.506397
1050	0.3239096628	2109.659263
1051	0.3235689762	2107.806092
1052	0.3232388569	2105.96038
1053	0.3229075658	2104.148949
1054	0.3225797697	2102.309953
1055	0.3222519942	2100.479117
1056	0.3219244038	2098.638549
1057	0.3215854646	2096.817092
1058	0.3212580798	2094.993557
1059	0.3209306949	2093.167033
1060	0.3206032689	2091.362169
1061	0.3202652549	2089.532553
1062	0.3199394942	2087.71579
1063	0.3196144737	2085.890666
1064	0.3192681949	2084.075859
1065	0.3189430099	2082.26063
1066	0.3186205387	2080.466117
1067	0.3182788035	2078.65736
1068	0.3179614309	2076.856162
1069	0.317639741	2075.047999
1070	0.3173162829	2073.245662
1071	0.316990625	2071.444504
1072	0.3166649671	2069.657362
1073	0.3163469572	2067.868591
1074	0.3160271793	2066.067504
1075	0.3157091077	2064.279466
1076	0.3153890214	2062.513375
1077	0.3150528577	2060.727776
1078	0.3147353413	2058.933258
1079	0.3144104441	2057.139942
1080	0.3140888569	2055.357227
1081	0.3137759868	2053.576576
1082	0.3134603002	2051.800432
1083	0.3131456209	2050.02502
1084	0.3128321752	2048.25169
1085	0.3125132196	2046.49511
1086	0.3121992804	2044.711718
1087	0.3118831209	2042.965433
1088	0.3115655839	2041.198897
1089	0.3112528577	2039.421782
1090	0.3109348479	2037.637362
1091	0.3106203125	2035.890939
1092	0.3103068257	2034.130892
1093	0.3099892681	2032.377382
1094	0.3096787007	2030.622783
1095	0.3093713816	2028.869301
1096	0.3090571752	2027.133956
1097	0.3087434622	2025.378561
1098	0.3084308183	2023.625393
1099	0.3081226974	2021.865672
1100	0.3078155428	2020.124737
1101	0.3075074836	2018.384523
1102	0.3072018709	2016.644944
1103	0.3068936678	2014.903093
1104	0.3065831209	2013.170701
1105	0.3062739104	2011.431243
1106	0.3059703125	2009.703153
1107	0.3056640625	2007.967305
1108	0.3053574836	2006.235198
1109	0.3050536595	2004.495057
1110	0.3047494243	2002.755728
1111	0.3044437706	2001.047294
1112	0.3041367599	1999.330068
1113	0.3038342928	1997.59453
1114	0.3035302837	1995.875889
1115	0.3032261102	1994.15715
1116	0.3029228002	1992.457875
1117	0.3026235197	1990.758797
1118	0.3023210526	1989.062255
1119	0.3020155839	1987.34821
1120	0.3017146382	1985.632773
1121	0.3014084293	1983.908203
1122	0.3011099712	1982.192399
1123	0.3008063939	1980.491828
1124	0.3005062911	1978.787791
1125	0.3002095189	1977.091445
1126	0.2999078536	1975.403245
1127	0.2996076686	1973.707485
1128	0.2993110197	1972.002746
1129	0.2990128084	1970.309398
1130	0.2987135896	1968.631327
1131	0.2984164885	1966.937883
1132	0.2981205387	1965.244735
1133	0.2978234786	1963.554343
1134	0.2975274877	1961.870669
1135	0.2972328536	1960.192765
1136	0.296936616	1958.523549
1137	0.2966429688	1956.832022
1138	0.2963350535	1955.153233
1139	0.2960377262	1953.484125
1140	0.2957359992	1951.811205
1141	0.2954395559	1950.148699
1142	0.2951397615	1948.484333
1143	0.2948496711	1946.817746
1144	0.2945583059	1945.161701
1145	0.294266838	1943.498832
1146	0.2939772615	1941.834184
1147	0.2936865748	1940.168196
1148	0.2933956414	1938.514833
1149	0.2931066612	1936.848395
1150	0.2928157895	1935.187472
1151	0.2925270559	1933.533864
1152	0.292235773	1931.89732
1153	0.2919480263	1930.245808
1154	0.2916604441	1928.604595
1155	0.2913733553	1926.95214
1156	0.2910879317	1925.30821
1157	0.2907998355	1923.662158
1158	0.2905084498	1922.040269
1159	0.2902222656	1920.397792
1160	0.2899355263	1918.758313
1161	0.2896502673	1917.116532
1162	0.2893629934	1915.48631
1163	0.2890739515	1913.875244
1164	0.2887779811	1912.250466
1165	0.2884967311	1910.619251
1166	0.288203125	1908.998025
1167	0.2879203536	1907.370719
1168	0.2876393914	1905.738947
1169	0.2873527755	1904.114381
1170	0.287072389	1902.487068
1171	0.2867925164	1900.87297
1172	0.2865108758	1899.254684
1173	0.286229852	1897.636291
1174	0.2859487048	1896.024339
1175	0.285671361	1894.413565
1176	0.285392023	1892.798139
1177	0.2851116365	1891.20094
1178	0.2848289268	1889.591713
1179	0.284552097	1887.973989
1180	0.2842735814	1886.367403
1181	0.283995662	1884.767682
1182	0.2837158306	1883.168893
1183	0.2834402549	1881.563612
1184	0.2831659539	1879.976775
1185	0.2828884252	1878.386394
1186	0.2826143914	1876.798617
1187	0.2823346217	1875.211059
1188	0.2820577303	1873.6286
1189	0.281785074	1872.049132
1190	0.28150625	1870.479856
1191	0.2812348479	1868.900404
1192	0.2809571957	1867.316198
1193	0.2806858141	1865.744051
1194	0.2804106908	1864.166692
1195	0.2801416324	1862.597349
1196	0.2798670025	1861.007407
1197	0.2795915296	1859.419537
1198	0.2793219572	1857.8421
1199	0.2790523232	1856.26806
1200	0.2787786595	1854.709981
1201	0.2785062911	1853.146496
1202	0.2782325041	1851.584672
1203	0.2779592105	1850.002698
1204	0.2776928454	1848.434392
1205	0.2774195518	1846.878108
1206	0.2771533923	1845.318455
1207	0.2768807771	1843.759728
1208	0.2766107936	1842.20352
1209	0.2763454564	1840.636721
1210	0.2760790296	1839.078433
1211	0.2758079153	1837.522296
1212	0.2755358553	1835.975737
1213	0.2752720189	1834.423362
1214	0.2750005962	1832.879363
1215	0.2747361431	1831.32926
1216	0.2744668997	1829.793301
1217	0.2742028166	1828.247279
1218	0.2739302837	1826.712222
1219	0.2736642681	1825.171149
1220	0.273401398	1823.636056
1221	0.2731325658	1822.100522
1222	0.2728668791	1820.585006
1223	0.272606065	1819.049741
1224	0.2723456003	1817.518492
1225	0.2720749794	1815.99165
1226	0.2718118832	1814.479872
1227	0.2715465255	1812.943051
1228	0.271282648	1811.434536
1229	0.2710157278	1809.932387
1230	0.2707576686	1808.407438
1231	0.270491509	1806.89065
1232	0.2702337582	1805.362749
1233	0.269976727	1803.840055
1234	0.2697175987	1802.335404
1235	0.2694608964	1800.818674
1236	0.2691974301	1799.3114
1237	0.2689404811	1797.801808
1238	0.2686779605	1796.293251
1239	0.2684229235	1794.784099
1240	0.2681685444	1793.276562
1241	0.2679099095	1791.789028
1242	0.2676547492	1790.286387
1243	0.2674008429	1788.782772
1244	0.2671414268	1787.282138
1245	0.2668832237	1785.800524
1246	0.2666310444	1784.29313
1247	0.2663761719	1782.814062
1248	0.2661229235	1781.321374
1249	0.2658715666	1779.826368
1250	0.2656129523	1778.342809
1251	0.2653613076	1776.845588
1252	0.2651043997	1775.36527
1253	0.2648500617	1773.873411
1254	0.2645925781	1772.39314
1255	0.2643389391	1770.924877
1256	0.2640893298	1769.444869
1257	0.2638325041	1767.98479
1258	0.2635844778	1766.511887
1259	0.2633328536	1765.051922
1260	0.2630856908	1763.57608
1261	0.2628342722	1762.096849
1262	0.26258125	1760.644194
1263	0.262333861	1759.176418
1264	0.262088528	1757.719976
1265	0.2618351974	1756.270771
1266	0.2615803454	1754.839141
1267	0.2613305099	1753.375457
1268	0.2610780016	1751.910944
1269	0.2608336554	1750.447668
1270	0.2605903372	1748.986719
1271	0.2603475535	1747.543002
1272	0.2600990748	1746.09187
1273	0.259850884	1744.657818
1274	0.2595993627	1743.213782
1275	0.2593576686	1741.761122
1276	0.2591188734	1740.331726
1277	0.2588734786	1738.895602
1278	0.2586239309	1737.455611
1279	0.2583829564	1736.011644
1280	0.2581324013	1734.57244
1281	0.257889227	1733.13423
1282	0.2576413857	1731.714744
1283	0.2573957031	1730.284126
1284	0.2571472656	1728.85841
1285	0.2569001028	1727.444895
1286	0.2566626439	1725.99555
1287	0.2564256785	1724.568488
1288	0.2561870477	1723.140845
1289	0.2559511513	1721.705507
1290	0.2557118627	1720.285012
1291	0.2554734581	1718.863745
1292	0.2552287829	1717.441502
1293	0.2549912418	1716.029035
1294	0.2547486431	1714.621741
1295	0.2545118215	1713.21007
1296	0.2542761308	1711.788469
1297	0.2540390214	1710.366292
1298	0.2537991365	1708.958876
1299	0.2535663857	1707.549997
1300	0.2533320107	1706.140663
1301	0.2530934622	1704.733502
1302	0.2528595806	1703.326494
1303	0.252627611	1701.913764
1304	0.2523892064	1700.521613
1305	0.2521591283	1699.118122
1306	0.2519282895	1697.713064
1307	0.2516960115	1696.317517
1308	0.2514662623	1694.912325
1309	0.2512331003	1693.503064
1310	0.2509985814	1692.110314
1311	0.2507681949	1690.707082
1312	0.2505398026	1689.311924
1313	0.2503122122	1687.923276
1314	0.2500749794	1686.535275
1315	0.2498401727	1685.165319
1316	0.2496044408	1683.802494
1317	0.2493672492	1682.436258
1318	0.2491380345	1681.045316
1319	0.2489025082	1679.680791
1320	0.2486771793	1678.305034
1321	0.2484497122	1676.931595
1322	0.2482127262	1675.551883
1323	0.2479774671	1674.183962
1324	0.2477524877	1672.817087
1325	0.2475226151	1671.448166
1326	0.2472891653	1670.100429
1327	0.2470657895	1668.72251
1328	0.2468410156	1667.34097
1329	0.2466139391	1665.973088
1330	0.2463805304	1664.614183
1331	0.2461540502	1663.251731
1332	0.2459319901	1661.89138
1333	0.2457082648	1660.526486
1334	0.2454873766	1659.169046
1335	0.2452554276	1657.807164
1336	0.2450296258	1656.458375
1337	0.2448081414	1655.099161
1338	0.2445745683	1653.753951
1339	0.2443543791	1652.40629
1340	0.2441298931	1651.054133
1341	0.2439101357	1649.70322
1342	0.2436912007	1648.360094
1343	0.2434725946	1647.001684
1344	0.2432525493	1645.655304
1345	0.2430321546	1644.308085
1346	0.242807463	1642.96905
1347	0.2425904194	1641.638641
1348	0.2423597451	1640.300109
1349	0.2421328947	1638.972216
1350	0.2419101357	1637.650618
1351	0.2416803248	1636.318046
1352	0.2414632607	1634.982541
1353	0.2412471217	1633.646525
1354	0.2410228413	1632.333558
1355	0.2407958265	1631.026513
1356	0.240581065	1629.699954
1357	0.2403556743	1628.377503
1358	0.2401388158	1627.057581
1359	0.239926028	1625.735686
1360	0.2397092105	1624.413034
1361	0.2394919819	1623.084097
1362	0.2392775905	1621.764014
1363	0.2390643914	1620.437056
1364	0.2388358141	1619.122165
1365	0.2386220806	1617.801035
1366	0.2384097245	1616.493495
1367	0.2381853618	1615.192157
1368	0.2379757196	1613.88042
1369	0.2377649054	1612.57446
1370	0.2375431743	1611.268887
1371	0.2373338199	1609.956417
1372	0.2371232936	1608.658851
1373	0.2369043791	1607.368445
1374	0.2366954564	1606.063096
1375	0.2364861637	1604.763241
1376	0.2362635896	1603.463623
1377	0.2360533717	1602.161551
1378	0.235833347	1600.876789
1379	0.2356262747	1599.5628
1380	0.235408491	1598.291055
1381	0.235197389	1596.998751
1382	0.2349784539	1595.724153
1383	0.2347623355	1594.448211
1384	0.2345554482	1593.15804
1385	0.2343362664	1591.897862
1386	0.2341309622	1590.612833
1387	0.2339254112	1589.327742
1388	0.2337210115	1588.028144
1389	0.2335150905	1586.733242
1390	0.2333068873	1585.455829
1391	0.233101912	1584.166446
1392	0.232888528	1582.911367
1393	0.2326850123	1581.632885
1394	0.2324817434	1580.359371
1395	0.232279009	1579.085867
1396	0.2320725329	1577.815981
1397	0.2318705798	1576.547807
1398	0.2316684622	1575.281677
1399	0.2314555715	1574.047783
1400	0.2312526933	1572.779366
1401	0.2310382607	1571.518102
1402	0.230824815	1570.269773
1403	0.230617352	1568.999896
1404	0.2304039063	1567.748902
1405	0.2302032484	1566.483807
1406	0.2299909539	1565.251517
1407	0.2297790296	1563.996422
1408	0.229579153	1562.741257
1409	0.2293663857	1561.507614
1410	0.2291693668	1560.250502
1411	0.2289568051	1559.007864
1412	0.2287599712	1557.754381
1413	0.2285531867	1556.539666
1414	0.2283431127	1555.301604
1415	0.2281474301	1554.056285
1416	0.2279515625	1552.810356
1417	0.2277546875	1551.559758
1418	0.2275554687	1550.321779
1419	0.227360588	1549.072401
1420	0.2271662829	1547.828142
1421	0.2269621094	1546.591525
1422	0.2267682771	1545.344544
1423	0.2265746505	1544.115264
1424	0.2263818668	1542.879304
1425	0.2261889803	1541.645597
1426	0.2259914268	1540.427416
1427	0.2257963405	1539.197122
1428	0.2256017475	1537.962816
1429	0.2253982525	1536.755576
1430	0.2252044613	1535.528573
1431	0.2250131168	1534.303175
1432	0.2248197163	1533.077304
1433	0.2246139391	1531.863004
1434	0.224420991	1530.651403
1435	0.2242174137	1529.454686
1436	0.2240254729	1528.23638
1437	0.2238337993	1527.015068
1438	0.2236442229	1525.804761
1439	0.2234560855	1524.596151
1440	0.223264597	1523.377242
1441	0.2230726768	1522.165458
1442	0.2228695518	1520.963198
1443	0.2226822574	1519.759532
1444	0.2224905633	1518.554118
1445	0.2222916118	1517.372353
1446	0.222103639	1516.17323
1447	0.221917537	1514.967808
1448	0.2217149465	1513.771224
1449	0.2215178454	1512.561037
1450	0.2213168174	1511.370935
1451	0.221127611	1510.194741
1452	0.2209412007	1509.000029
1453	0.2207541735	1507.805343
1454	0.2205690378	1506.619383
1455	0.2203823396	1505.422349
1456	0.2201995477	1504.230612
1457	0.2200152138	1503.044183
1458	0.2198273849	1501.854692
1459	0.219644449	1500.670005
1460	0.2194458059	1499.498931
1461	0.2192630345	1498.310309
1462	0.2190811678	1497.134395
1463	0.2188989104	1495.945508
1464	0.2187164062	1494.771771
1465	0.218519963	1493.592205
1466	0.2183231702	1492.425284
1467	0.2181336143	1491.25427
1468	0.217938898	1490.094893
1469	0.2177474095	1488.929112
1470	0.2175643914	1487.750767
1471	0.2173846628	1486.562033
1472	0.217199486	1485.4012
1473	0.2170196135	1484.22935
1474	0.2168235197	1483.071633
1475	0.2166335321	1481.906378
1476	0.21645	1480.743992
1477	0.2162710732	1479.582732
1478	0.2160919408	1478.420094
1479	0.2159111637	1477.261969
1480	0.2157300164	1476.105331
1481	0.215538713	1474.953339
1482	0.2153569285	1473.797405
1483	0.2151636102	1472.648527
1484	0.2149877878	1471.495764
1485	0.2148114104	1470.345439
1486	0.2146348273	1469.191866
1487	0.2144574013	1468.037445
1488	0.2142826686	1466.893873
1489	0.2140899877	1465.755292
1490	0.2139145765	1464.612882
1491	0.2137379317	1463.468048
1492	0.2135483553	1462.325738
1493	0.2133723684	1461.17504
1494	0.2131828125	1460.042276
1495	0.2130078947	1458.901657
1496	0.2128367187	1457.775171
1497	0.2126499178	1456.651544
1498	0.2124740337	1455.518044
1499	0.2122864309	1454.394569
1500	0.2121134046	1453.263522
1501	0.211944634	1452.133256
1502	0.2117571752	1451.025524
1503	0.2115886308	1449.899104
1504	0.2114012541	1448.787938
1505	0.211230551	1447.65251
1506	0.211060074	1446.521795
1507	0.2108928043	1445.406004
1508	0.2107092516	1444.290725
1509	0.2105409539	1443.176137
1510	0.2103685238	1442.064096
1511	0.2101980469	1440.93109
1512	0.2100156661	1439.825041
1513	0.2098446546	1438.700581
1514	0.2096594367	1437.587597
1515	0.2094750411	1436.478974
1516	0.2093023438	1435.375262
1517	0.2091150905	1434.274789
1518	0.2089481086	1433.154698
1519	0.2087800781	1432.059684
1520	0.2085984581	1430.955034
1521	0.2084292352	1429.837348
1522	0.2082461349	1428.737679
1523	0.2080796464	1427.631365
1524	0.2078988898	1426.548432
1525	0.2077367393	1425.453788
1526	0.2075682566	1424.3514
1527	0.2074040296	1423.253733
1528	0.2072269326	1422.153643
1529	0.2070630757	1421.054581
1530	0.2068863898	1419.957524
1531	0.2067260074	1418.871469
1532	0.2065484786	1417.786832
1533	0.2063825658	1416.695888
1534	0.2062202714	1415.605625
1535	0.206058861	1414.514217
1536	0.2058837171	1413.424834
1537	0.2057058388	1412.362146
1538	0.2055454564	1411.274462
1539	0.2053829359	1410.185022
1540	0.2052204975	1409.092904
1541	0.2050415707	1408.013841
1542	0.2048801604	1406.921938
1543	0.2047124794	1405.839736
1544	0.2045505345	1404.755964
1545	0.2043891859	1403.675226
1546	0.2042281456	1402.590089
1547	0.2040506785	1401.532476
1548	0.2038939556	1400.466553
1549	0.2037188117	1399.407027
1550	0.2035580798	1398.333254
1551	0.203398088	1397.254399
1552	0.2032369243	1396.187062
1553	0.2030777344	1395.114334
1554	0.2029051398	1394.030575
1555	0.2027459704	1392.94882
1556	0.2025744655	1391.9016
1557	0.2023995477	1390.843857
1558	0.2022287623	1389.773893
1559	0.2020537212	1388.730674
1560	0.2018832854	1387.692326
1561	0.2017273438	1386.623847
1562	0.2015527961	1385.589023
1563	0.2013807771	1384.565695
1564	0.2012094161	1383.515558
1565	0.2010525905	1382.464685
1566	0.2008827097	1381.416695
1567	0.2007295641	1380.370596
1568	0.2005713816	1379.321453
1569	0.2003989104	1378.291595
1570	0.2002294202	1377.266601
1571	0.2000559622	1376.224867
1572	0.1998883429	1375.171244
1573	0.1997189556	1374.145241
1574	0.1995670025	1373.099066
1575	0.1993953125	1372.060641
1576	0.1992327303	1371.027907
1577	0.199080736	1369.978596
1578	0.1989284745	1368.944292
1579	0.1987664474	1367.922506
1580	0.1986148849	1366.87201
1581	0.1984472451	1365.833712
1582	0.1982946135	1364.805554
1583	0.1981260691	1363.770804
1584	0.1979747944	1362.7409
1585	0.1978096423	1361.719843
1586	0.1976402344	1360.714813
1587	0.1974921053	1359.688746
1588	0.1973425164	1358.656954
1589	0.197174815	1357.638287
1590	0.1970252056	1356.59896
1591	0.196858676	1355.599358
1592	0.1967061472	1354.568779
1593	0.1965366982	1353.563154
1594	0.1963704975	1352.553402
1595	0.1962226974	1351.532879
1596	0.1960545436	1350.513819
1597	0.1958872327	1349.514054
1598	0.1957420436	1348.5092
1599	0.1955932566	1347.498476
1600	0.1954391447	1346.488211
1601	0.1952810855	1345.472188
1602	0.1951303043	1344.454115
1603	0.1949657072	1343.449969
1604	0.1948162418	1342.426893
1605	0.1946516859	1341.426115
1606	0.1944889803	1340.424332
1607	0.1943404811	1339.419933
1608	0.1941785362	1338.432627
1609	0.194014597	1337.453619
1610	0.1938700452	1336.449117
1611	0.1937063117	1335.469558
1612	0.1935556332	1334.482302
1613	0.1934111637	1333.475044
1614	0.1932497533	1332.490775
1615	0.1931040296	1331.492243
1616	0.1929606497	1330.487712
1617	0.192798787	1329.517577
1618	0.1926523438	1328.525118
1619	0.1925070107	1327.518277
1620	0.1923469572	1326.539274
1621	0.1921993215	1325.546733
1622	0.1920546875	1324.543227
1623	0.1919104646	1323.548732
1624	0.1917720395	1322.57468
1625	0.1916166735	1321.589666
1626	0.1914583882	1320.628143
1627	0.1913161595	1319.633704
1628	0.1911579975	1318.676443
1629	0.1910149671	1317.69892
1630	0.1908747944	1316.720083
1631	0.1907243832	1315.756639
1632	0.1905657689	1314.784225
1633	0.1904068257	1313.810173
1634	0.1902484786	1312.845054
1635	0.190106435	1311.86266
1636	0.1899494655	1310.889397
1637	0.1898139597	1309.928116
1638	0.1896761308	1308.962835
1639	0.1895243421	1307.984975
1640	0.1893722656	1307.018985
1641	0.1892330387	1306.055186
1642	0.1890803043	1305.082019
1643	0.1889226151	1304.122541
1644	0.1887853413	1303.158452
1645	0.1886301809	1302.208416
1646	0.1884726151	1301.257488
1647	0.1883197163	1300.318598
1648	0.188164412	1299.369339
1649	0.1880266653	1298.403846
1650	0.187875185	1297.431055
1651	0.1877368215	1296.471635
1652	0.1875817845	1295.525681
1653	0.1874268503	1294.5825
1654	0.1872766242	1293.6237
1655	0.1871240337	1292.693607
1656	0.1869707442	1291.767317
1657	0.186818565	1290.829539
1658	0.1866678865	1289.903181
1659	0.1865285979	1288.955484
1660	0.1863917969	1288.02443
1661	0.186238898	1287.082117
1662	0.1860896382	1286.119804
1663	0.1859376028	1285.184951
1664	0.1858015625	1284.247471
1665	0.1856486637	1283.316965
1666	0.185494634	1282.387264
1667	0.1853616776	1281.449689
1668	0.1852114926	1280.53742
1669	0.1850806538	1279.609743
1670	0.1849297286	1278.686585
1671	0.1847769326	1277.75554
1672	0.1846288651	1276.815778
1673	0.1844969572	1275.874852
1674	0.184350699	1274.960758
1675	0.1842183594	1274.033082
1676	0.1840755962	1273.119021
1677	0.1839429893	1272.174275
1678	0.1838097862	1271.271833
1679	0.1836621916	1270.370312
1680	0.1835153372	1269.466587
1681	0.1833863692	1268.546177
1682	0.1832366776	1267.626119
1683	0.183101727	1266.721049
1684	0.1829705387	1265.787538
1685	0.1828342722	1264.868405
1686	0.182695662	1263.940279
1687	0.1825505962	1263.034139
1688	0.1824171053	1262.111087
1689	0.1822891447	1261.200214
1690	0.1821411801	1260.292993
1691	0.1820108964	1259.38998
1692	0.1818654605	1258.499338
1693	0.181740111	1257.591129
1694	0.1816112253	1256.673823
1695	0.1814791735	1255.747126
1696	0.1813328742	1254.851493
1697	0.1811899877	1253.959072
1698	0.1810622533	1253.043305
1699	0.1809334293	1252.117227
1700	0.1807889803	1251.21045
1701	0.1806453331	1250.313981
1702	0.1805146793	1249.403066
1703	0.1803699013	1248.526434
1704	0.1802444079	1247.617807
1705	0.1800993215	1246.726432
1706	0.1799569079	1245.851932
1707	0.1798241365	1244.953128
1708	0.1796803865	1244.081401
1709	0.179554009	1243.179028
1710	0.1794267681	1242.269614
1711	0.1792848273	1241.379818
1712	0.1791571135	1240.475619
1713	0.1790142681	1239.608882
1714	0.178890111	1238.717453
1715	0.1787708059	1237.850669
1716	0.1786276727	1236.985369
1717	0.17850956	1236.111371
1718	0.1783902344	1235.240106
1719	0.1782667763	1234.365851
1720	0.1781261924	1233.489578
1721	0.178003824	1232.590085
1722	0.1778627467	1231.721159
1723	0.1777417146	1230.842443
1724	0.1775986637	1229.971091
1725	0.1774579359	1229.104033
1726	0.1773348684	1228.22211
1727	0.1772144737	1227.33597
1728	0.1770846217	1226.46058
1729	0.1769595189	1225.57183
1730	0.176820477	1224.715668
1731	0.176681065	1223.86539
1732	0.1765587171	1223.001618
1733	0.1764200247	1222.137023
1734	0.1763003289	1221.262426
1735	0.1761756168	1220.388685
1736	0.1760540502	1219.517218
1737	0.1759367393	1218.651708
1738	0.1758169202	1217.77135
1739	0.1757033512	1216.91785
1740	0.1755876645	1216.057368
1741	0.1754510896	1215.206992
1742	0.1753343339	1214.347358
1743	0.1751979646	1213.506301
1744	0.1750603413	1212.661247
1745	0.1749235609	1211.814038
1746	0.1748087993	1210.965881
1747	0.1746743832	1210.107509
1748	0.174543051	1209.245676
1749	0.1744284128	1208.395644
1750	0.1742934005	1207.563296
1751	0.174161986	1206.691284
1752	0.1740259868	1205.861048
1753	0.173907977	1205.018576
1754	0.17377169	1204.195924
1755	0.1736533306	1203.327563
1756	0.1735150699	1202.496511
1757	0.1733988076	1201.660471
1758	0.173264926	1200.826075
1759	0.1731290502	1199.996057
1760	0.1729937706	1199.149069
1761	0.1728734786	1198.299215
1762	0.1727418997	1197.470146
1763	0.1726257812	1196.631135
1764	0.1724951069	1195.793446
1765	0.1723866571	1194.96906
1766	0.1722745066	1194.136163
1767	0.1721470909	1193.300697
1768	0.1720333882	1192.449459
1769	0.1719006271	1191.63376
1770	0.1717756271	1190.796575
1771	0.1716576891	1189.960503
1772	0.171530479	1189.120761
1773	0.1714187294	1188.287865
1774	0.171301727	1187.438226
1775	0.1711902858	1186.603167
1776	0.1710814659	1185.779774
1777	0.1709667455	1184.949696
1778	0.1708582237	1184.132326
1779	0.1707294511	1183.295044
1780	0.1706185855	1182.454215
1781	0.1705106702	1181.631433
1782	0.1703803865	1180.790442
1783	0.1702488384	1179.980642
1784	0.1701380757	1179.150247
1785	0.1700243627	1178.318353
1786	0.1699154914	1177.504106
1787	0.1697853104	1176.669582
1788	0.1696551604	1175.856723
1789	0.169540368	1175.024589
1790	0.1694330695	1174.213272
1791	0.1693031353	1173.421566
1792	0.1691741776	1172.623296
1793	0.1690481908	1171.831105
1794	0.1689376645	1171.0129
1795	0.1688145765	1170.197806
1796	0.1686851665	1169.415549
1797	0.1685566406	1168.621627
1798	0.1684448191	1167.83488
1799	0.1683184827	1167.045424
1800	0.1681895662	1166.230109
1801	0.1680609992	1165.420883
1802	0.1679479338	1164.61376
1803	0.1678356394	1163.809967
1804	0.1677285362	1162.994015
1805	0.1676239823	1162.200676
1806	0.1674985197	1161.399186
1807	0.167393236	1160.593761
1808	0.1672677015	1159.819933
1809	0.1671634663	1159.025836
1810	0.1670576069	1158.216863
1811	0.1669326069	1157.429414
1812	0.1668062706	1156.655817
1813	0.1666997636	1155.841604
1814	0.1665746711	1155.034096
1815	0.1664707237	1154.243131
1816	0.1663639289	1153.465678
1817	0.1662530016	1152.656505
1818	0.1661290296	1151.890521
1819	0.1660248355	1151.097171
1820	0.1659161595	1150.298852
1821	0.1657944696	1149.497164
1822	0.165694634	1148.721229
1823	0.1655713919	1147.953821
1824	0.1654529811	1147.159139
1825	0.1653472965	1146.386698
1826	0.1652429276	1145.586376
1827	0.1651184005	1144.82485
1828	0.1650023438	1144.025659
1829	0.1648981086	1143.238806
1830	0.1647772512	1142.486245
1831	0.1646747019	1141.703921
1832	0.1645759766	1140.95133
1833	0.164451984	1140.206335
1834	0.1643471114	1139.433949
1835	0.1642206209	1138.675314
1836	0.1641042249	1137.899691
1837	0.1639835424	1137.121415
1838	0.163857278	1136.369318
1839	0.1637555921	1135.593031
1840	0.1636556641	1134.826852
1841	0.1635331414	1134.043236
1842	0.1634148746	1133.293737
1843	0.1633143914	1132.521662
1844	0.1632152652	1131.764375
1845	0.1631147101	1130.991179
1846	0.1630110197	1130.230883
1847	0.1628852179	1129.468853
1848	0.1627727796	1128.706194
1849	0.1626614823	1127.938777
1850	0.1625490748	1127.17317
1851	0.1624469161	1126.399081
1852	0.1623260896	1125.664372
1853	0.1622289679	1124.9068
1854	0.1621265111	1124.147873
1855	0.1620086863	1123.373811
1856	0.1618911184	1122.639042
1857	0.1617722862	1121.898258
1858	0.1616779914	1121.1571
1859	0.1615598581	1120.405138
1860	0.1614461451	1119.673812
1861	0.1613267578	1118.942394
1862	0.161209817	1118.216049
1863	0.1610884766	1117.475613
1864	0.1609738281	1116.727581
1865	0.1608770148	1115.974528
1866	0.1607771279	1115.209948
1867	0.1606790193	1114.456837
1868	0.1605819285	1113.711152
1869	0.1604796567	1112.962179
1870	0.1603582751	1112.238984
1871	0.160241838	1111.480097
1872	0.1601494141	1110.742507
1873	0.1600312192	1110.025518
1874	0.1599151316	1109.286999
1875	0.1597993832	1108.571558
1876	0.1596985711	1107.834795
1877	0.1595809108	1107.10864
1878	0.1594653269	1106.380801
1879	0.1593679071	1105.650104
1880	0.1592726768	1104.909285
1881	0.1591569285	1104.200183
1882	0.1590618113	1103.4614
1883	0.1589668174	1102.722551
1884	0.1588582956	1102.028201
1885	0.1587574116	1101.30182
1886	0.1586663343	1100.585497
1887	0.1585600226	1099.858633
1888	0.1584460732	1099.159649
1889	0.1583556743	1098.438279
1890	0.1582456003	1097.707048
1891	0.1581500308	1096.980202
1892	0.1580572163	1096.254331
1893	0.1579431641	1095.530536
1894	0.1578297595	1094.828474
1895	0.157735588	1094.108149
1896	0.1576206826	1093.406002
1897	0.1575074527	1092.692592
1898	0.1573937603	1091.995892
1899	0.1572809211	1091.301354
1900	0.1571715358	1090.598032
1901	0.1570573705	1089.898885
1902	0.1569423417	1089.205979
1903	0.1568377878	1088.491916
1904	0.1567417558	1087.761212
1905	0.1566546772	1087.057306
1906	0.1565475329	1086.343775
1907	0.1564431949	1085.627988
1908	0.1563308594	1084.914471
1909	0.1562195929	1084.227247
1910	0.1561073808	1083.536683
1911	0.1560143606	1082.839905
1912	0.1559208676	1082.130127
1913	0.1558057669	1081.421678
1914	0.1556974609	1080.738976
1915	0.1555952919	1080.017718
1916	0.1555048725	1079.319027
1917	0.1553961863	1078.621643
1918	0.1553008635	1077.905008
1919	0.1551926501	1077.19338
1920	0.1550815789	1076.507235
1921	0.1549923211	1075.795685
1922	0.1548797081	1075.104958
1923	0.1547695621	1074.430281
1924	0.1546600123	1073.731207
1925	0.1545474301	1073.059805
1926	0.1544384252	1072.367356
1927	0.1543507401	1071.667138
1928	0.1542422183	1071.000641
1929	0.1541301706	1070.306498
1930	0.154020919	1069.612348
1931	0.1539382196	1068.934688
1932	0.1538413857	1068.235247
1933	0.1537561061	1067.539023
1934	0.1536501131	1066.874878
1935	0.1535573808	1066.17085
1936	0.1534686883	1065.497314
1937	0.1533622019	1064.830154
1938	0.153257278	1064.13855
1939	0.1531654502	1063.44532
1940	0.1530602693	1062.787947
1941	0.1529770148	1062.118476
1942	0.15287353	1061.453214
1943	0.1527670333	1060.760749
1944	0.1526780016	1060.06409
1945	0.1525916118	1059.392613
1946	0.1524870991	1058.699656
1947	0.1523799034	1058.04557
1948	0.1522932771	1057.381048
1949	0.1522032072	1056.69179
1950	0.1521091488	1056.007635
1951	0.1520251131	1055.339052
1952	0.151939597	1054.662155
1953	0.151836215	1054.003272
1954	0.1517318976	1053.346351
1955	0.1516272101	1052.697212
1956	0.151522903	1052.012713
1957	0.1514186369	1051.338391
1958	0.1513127775	1050.667986
1959	0.1512273746	1049.991937
1960	0.1511403269	1049.326794
1961	0.1510518092	1048.643837
1962	0.15097059	1047.980306
1963	0.1508707031	1047.312609
1964	0.1507703536	1046.674681
1965	0.1506890522	1046.004914
1966	0.1506026727	1045.332408
1967	0.1504995991	1044.654433
1968	0.1504176809	1043.980314
1969	0.1503344058	1043.303775
1970	0.1502307566	1042.662816
1971	0.1501309313	1042.033668
1972	0.1500509252	1041.369652
1973	0.1499539268	1040.714616
1974	0.1498747533	1040.063894
1975	0.1497880654	1039.39779
1976	0.1496861945	1038.758364
1977	0.149583676	1038.12253
1978	0.1494849507	1037.46852
1979	0.1494041838	1036.819337
1980	0.1493046772	1036.152271
1981	0.1492040193	1035.532408
1982	0.1491232113	1034.87197
1983	0.14902022	1034.219948
1984	0.1489196752	1033.557127
1985	0.1488386102	1032.889833
1986	0.1487376953	1032.266131
1987	0.1486371813	1031.619818
1988	0.1485580387	1030.973727
1989	0.1484782689	1030.318904
1990	0.1483961863	1029.670908
1991	0.1483136924	1029.011945
1992	0.1482346012	1028.368828
1993	0.148156435	1027.724385
1994	0.1480759354	1027.094944
1995	0.1480007915	1026.447517
1996	0.1478997533	1025.837677
1997	0.147803896	1025.199718
1998	0.1477074938	1024.563045
1999	0.14762794	1023.926187
2000	0.1475449219	1023.27507
2001	0.1474458984	1022.66161
2002	0.1473472348	1022.045967
2003	0.1472496608	1021.442364
2004	0.1471721834	1020.803685
2005	0.1470778269	1020.164269
2006	0.1469806332	1019.556676
2007	0.1468825555	1018.924009
2008	0.1467973273	1018.276849
2009	0.1467226151	1017.668468
2010	0.1466494449	1017.044292
2011	0.1465766756	1016.431271
2012	0.1464974918	1015.804085
2013	0.1464082545	1015.175917
2014	0.1463137541	1014.55263
2015	0.1462325144	1013.911483
2016	0.1461614104	1013.296013
2017	0.146083234	1012.680254
2018	0.1459837171	1012.047378
2019	0.1459083573	1011.422291
2020	0.1458321238	1010.793235
2021	0.1457391653	1010.165664
2022	0.1456612048	1009.5304
2023	0.1455749589	1008.912728
2024	0.1454790707	1008.324738
2025	0.145384817	1007.696743
2026	0.1452878495	1007.080515
2027	0.1451952508	1006.458084
2028	0.1451213096	1005.838139
2029	0.1450425884	1005.218412
2030	0.1449683594	1004.598218
2031	0.1448735403	1003.986358
2032	0.1448001748	1003.369183
2033	0.1447266447	1002.770891
2034	0.144653896	1002.161573
2035	0.1445623766	1001.545598
2036	0.1444846423	1000.930364
2037	0.1443966283	1000.30958
2038	0.1443015933	999.7128211
2039	0.144230109	999.1040109
2040	0.1441576069	998.4947
2041	0.1440661698	997.9019973
2042	0.1439888466	997.2945891
2043	0.1439159951	996.6864215
2044	0.143821176	996.0682298
2045	0.1437278372	995.473476
2046	0.1436330592	994.8580844
2047	0.1435661493	994.2652086
2048	0.1434768709	993.664299
2049	0.1433871813	993.0917239
2050	0.1432945004	992.4897996
2051	0.1432029811	991.9199805
2052	0.1431346217	991.3394826
2053	0.1430422697	990.7600808
2054	0.1429635999	990.1593953
2055	0.1428953845	989.5653165
2056	0.142819778	988.9558399
2057	0.1427442126	988.3578095
2058	0.1426554482	987.7870908
2059	0.1425666632	987.2158238
2060	0.1424973581	986.6115383
2061	0.1424240748	986.0262537
2062	0.1423311369	985.4413215
2063	0.1422582134	984.863922
2064	0.1421883326	984.2771601
2065	0.1420987973	983.7131467
2066	0.1420117085	983.1245578
2067	0.1419214227	982.563481
2068	0.1418516961	981.9706025
2069	0.1417608141	981.4069769
2070	0.1416683594	980.826719
2071	0.1415936575	980.2462934
2072	0.1415226151	979.657338
2073	0.141432021	979.0658264
2074	0.1413461657	978.500087
2075	0.1412568257	977.9146211
2076	0.1411922697	977.328981
2077	0.1411017167	976.763913
2078	0.1410335526	976.1914069
2079	0.1409434108	975.6050859
2080	0.1408546464	975.0324744
2081	0.1407823602	974.4564291
2082	0.1406928865	973.8843375
2083	0.1406053865	973.3407472
2084	0.1405179482	972.7754014
2085	0.1404313528	972.1895924
2086	0.1403439967	971.613548
2087	0.1402548623	971.061538
2088	0.1401909951	970.5034388
2089	0.1401231805	969.928171
2090	0.14005478	969.3432656
2091	0.1399868935	968.7986405
2092	0.1399207545	968.2293512
2093	0.1398358758	967.6746533
2094	0.1397668688	967.0952954
2095	0.1396807155	966.5492698
2096	0.1395962891	966.0165039
2097	0.1395270662	965.449638
2098	0.139438528	964.8809644
2099	0.1393533717	964.33136
2100	0.139268236	963.7676187
2101	0.1391994655	963.187746
2102	0.1391358244	962.6467598
2103	0.1390692434	962.0710516
2104	0.1389835012	961.5407818
2105	0.1389175884	960.9763456
2106	0.1388339021	960.4170996
2107	0.1387489001	959.874417
2108	0.1386605674	959.3250455
2109	0.1385950247	958.7559321
2110	0.1385333779	958.2191032
2111	0.1384732216	957.6797223
2112	0.1384068257	957.1249017
2113	0.1383427426	956.5713819
2114	0.1382770354	955.9986449
2115	0.1381960115	955.4511062
2116	0.1381108758	954.8867278
2117	0.1380263569	954.3395451
2118	0.1379605777	953.7935854
2119	0.1378812808	953.268933
2120	0.1377950247	952.730551
2121	0.1377188734	952.1801369
2122	0.1376378187	951.6185306
2123	0.1375558799	951.0677902
2124	0.1374905942	950.5253492
2125	0.1374075658	949.9968948
2126	0.1373230572	949.4567483
2127	0.137238641	948.925836
2128	0.1371582545	948.4068556
2129	0.1370778988	947.8844526
2130	0.1369955592	947.3497919
2131	0.1369371094	946.800849
2132	0.1368710218	946.2589692
2133	0.1368068976	945.7226145
2134	0.136727097	945.2073036
2135	0.1366651727	944.671721
2136	0.1365838713	944.1211755
2137	0.1365018298	943.6064064
2138	0.1364348581	943.0574792
2139	0.1363721012	942.5076832
2140	0.1363097759	941.9606789
2141	0.1362425576	941.445095
2142	0.1361663446	940.9160773
2143	0.1360884971	940.3771796
2144	0.1360100432	939.8696266
2145	0.1359314556	939.345092
2146	0.1358744655	938.821688
2147	0.1358122122	938.2836092
2148	0.1357491674	937.7614519
2149	0.1356703331	937.2484802
2150	0.1356103824	936.7192098
2151	0.1355313528	936.2066341
2152	0.1354721937	935.678249
2153	0.1354108347	935.1462917
2154	0.1353311472	934.6360826
2155	0.1352729235	934.1196869
2156	0.1352076686	933.583932
2157	0.135128197	933.0577584
2158	0.1350627159	932.5223644
2159	0.1349854852	931.9853212
2160	0.1349231188	931.4494034
2161	0.1348454153	930.9436059
2162	0.134780993	930.4244656
2163	0.1347012233	929.9231644
2164	0.1346379009	929.3988615
2165	0.1345578536	928.8793221
2166	0.1344808183	928.385546
2167	0.1344218853	927.8618148
2168	0.1343620888	927.3495506
2169	0.1343010794	926.8267691
2170	0.1342211451	926.3240794
2171	0.134142465	925.8161338
2172	0.1340627981	925.3136406
2173	0.1339869346	924.8057461
2174	0.1339242701	924.2733623
2175	0.133850699	923.761582
2176	0.1337751028	923.266143
2177	0.1337182257	922.749739
2178	0.1336404708	922.2322977
2179	0.1335628701	921.7490874
2180	0.1334855058	921.2364663
2181	0.1334278372	920.7241686
2182	0.1333508943	920.2335132
2183	0.1332746505	919.7211257
2184	0.1331968236	919.2347661
2185	0.1331247122	918.7169877
2186	0.1330673211	918.2019225
2187	0.1330073499	917.679004
2188	0.1329346731	917.1662235
2189	0.1328773951	916.659412
2190	0.132821803	916.1464844
2191	0.1327452405	915.6547887
2192	0.1326691817	915.1388482
2193	0.1325942229	914.667069
2194	0.1325186986	914.1527877
2195	0.132444007	913.6671447
2196	0.1323742907	913.1697702
2197	0.1323209704	912.6835569
2198	0.1322518195	912.1801632
2199	0.1321910362	911.6701542
2200	0.1321175164	911.1915634
2201	0.1320505345	910.6826105
2202	0.1319761719	910.1910895
2203	0.1319171669	909.692952
2204	0.1318425062	909.1940673
2205	0.1317880859	908.6967591
2206	0.1317317331	908.1996534
2207	0.1316585218	907.7282101
2208	0.1315842619	907.247825
2209	0.1315123252	906.7524926
2210	0.1314577405	906.2585547
2211	0.1313835321	905.7562075
2212	0.1313263877	905.2667268
2213	0.1312728207	904.7751706
2214	0.1312006785	904.2764336
2215	0.1311267373	903.8101472
2216	0.1310552118	903.3487271
2217	0.1309928968	902.8666326
2218	0.1309359375	902.386144
2219	0.130879595	901.8992803
2220	0.1308258224	901.4113405
2221	0.1307719778	900.9207435
2222	0.1307015419	900.4616734
2223	0.1306456106	899.9785594
2224	0.1305735506	899.4964321
2225	0.1305207031	899.0106892
2226	0.1304706106	898.5314975
2227	0.1304120066	898.0471531
2228	0.1303385177	897.5851722
2229	0.1302828228	897.1102174
2230	0.1302085732	896.6479462
2231	0.1301375822	896.1901994
2232	0.1300863795	895.7088249
2233	0.1300152447	895.2275768
2234	0.129943935	894.7732956
2235	0.1298745888	894.294244
2236	0.12982169	893.8047574
2237	0.1297480983	893.33315
2238	0.1296949219	892.8663639
2239	0.1296403166	892.3928594
2240	0.1295712274	891.9398898
2241	0.1295024568	891.4691821
2242	0.1294504523	890.9911606
2243	0.129382021	890.5336048
2244	0.1293281147	890.0529494
2245	0.1292589844	889.6025687
2246	0.1292054379	889.1232043
2247	0.1291496094	888.6471717
2248	0.1290990337	888.1813209
2249	0.1290495271	887.7145942
2250	0.1289815995	887.2683233
2251	0.1289275699	886.803693
2252	0.1288546978	886.3508829
2253	0.1287832751	885.9064071
2254	0.1287266756	885.442523
2255	0.1286799548	884.9600769
2256	0.1286244346	884.4849722
2257	0.1285633121	884.008344
2258	0.1284942537	883.5452201
2259	0.1284287623	883.0778497
2260	0.1283597142	882.6297228
2261	0.1282917044	882.1600101
2262	0.128221875	881.7174804
2263	0.1281672595	881.24689
2264	0.1281000617	880.8066427
2265	0.1280322985	880.3615227
2266	0.1279633429	879.9157854
2267	0.1278936678	879.4737933
2268	0.1278256271	879.0380043
2269	0.1277592722	878.5788364
2270	0.1276897718	878.1302303
2271	0.1276209498	877.6783
2272	0.1275531353	877.2370974
2273	0.1274884149	876.7847559
2274	0.1274277035	876.329229
2275	0.1273764186	875.8841963
2276	0.1273234375	875.4348004
2277	0.1272648746	875.0150344
2278	0.1272141036	874.5500075
2279	0.1271645559	874.0917868
2280	0.1271164885	873.6457131
2281	0.1270676706	873.2043986
2282	0.1270203022	872.7533758
2283	0.1269544819	872.3370644
2284	0.1269102385	871.8727849
2285	0.1268585012	871.4137997
2286	0.1267911287	870.9727899
2287	0.1267263775	870.5167971
2288	0.1266718339	870.071963
2289	0.1266055818	869.6499555
2290	0.126555366	869.2105309
2291	0.1265084396	868.7754499
2292	0.126458861	868.3233679
2293	0.1263923314	867.8748262
2294	0.1263260794	867.4442942
2295	0.1262617907	867.0235936
2296	0.1261938322	866.5843299
2297	0.126134632	866.1511653
2298	0.1260839227	865.7091181
2299	0.1260219984	865.2646526
2300	0.125954965	864.8338682
2301	0.1259111534	864.3797746
2302	0.1258463713	863.9666146
2303	0.1257818976	863.5601469
2304	0.1257303865	863.1193703
2305	0.1256652447	862.6989096
2306	0.1255980263	862.260843
2307	0.1255378598	861.8269062
2308	0.1254945724	861.4063652
2309	0.1254280016	860.9862698
2310	0.1253638055	860.5765908
2311	0.1253138569	860.1429071
2312	0.1252666016	859.6963663
2313	0.1252173725	859.2673564
2314	0.1251716386	858.839839
2315	0.1251210012	858.4146202
2316	0.1250575761	857.9986882
2317	0.1250120374	857.5723483
2318	0.1249481497	857.1518326
2319	0.1249024157	856.7115838
2320	0.1248554482	856.2867179
2321	0.1247938322	855.8513642
2322	0.124730222	855.4321194
2323	0.1246825247	855.0117613
2324	0.1246191098	854.599521
2325	0.1245553454	854.1819331
2326	0.124507535	853.7551014
2327	0.1244593133	853.3243677
2328	0.1244136719	852.9049928
2329	0.1243482525	852.506603
2330	0.1242853618	852.0944663
2331	0.1242184622	851.6895719
2332	0.1241714535	851.2680748
2333	0.1241073602	850.8558449
2334	0.1240502775	850.4353542
2335	0.123989227	850.0039527
2336	0.1239459498	849.5879377
2337	0.1238879009	849.1652451
2338	0.1238262438	848.7668271
2339	0.1237641961	848.3556688
2340	0.1237021896	847.9381332
2341	0.1236523232	847.5291674
2342	0.1235916016	847.1326011
2343	0.1235490029	846.7206492
2344	0.1235017475	846.3054656
2345	0.1234401624	845.9044009
2346	0.1233783717	845.4823656
2347	0.1233174548	845.065094
2348	0.1232568257	844.6810506
2349	0.1232099301	844.27375
2350	0.1231470703	843.8586142
2351	0.1231020559	843.4336383
2352	0.1230441406	843.0211575
2353	0.1229826275	842.6110077
2354	0.1229221114	842.2168354
2355	0.1228605263	841.8297257
2356	0.1228134663	841.4143321
2357	0.1227691817	841.0088074
2358	0.1227063836	840.6133452
2359	0.1226611945	840.1983766
2360	0.1225991674	839.799632
2361	0.1225422595	839.4041139
2362	0.1224949938	838.9946882
2363	0.1224342208	838.6042403
2364	0.1223947574	838.2158737
2365	0.1223545333	837.8141014
2366	0.12230184	837.4214297
2367	0.1222421053	837.0289344
2368	0.1221844264	836.6387285
2369	0.1221237973	836.244216
2370	0.1220786595	835.8433787
2371	0.1220200041	835.447768
2372	0.1219795847	835.0512471
2373	0.1219164679	834.6681234
2374	0.1218590872	834.2885965
2375	0.1218109581	833.8874138
2376	0.1217542558	833.4841758
2377	0.1217143503	833.0854523
2378	0.1216543791	832.7044532
2379	0.1215945929	832.2928197
2380	0.1215381168	831.9136344
2381	0.1214947471	831.5134318
2382	0.1214339741	831.1193396
2383	0.1213962068	830.7083739
2384	0.1213381682	830.3356308
2385	0.1212813322	829.9351608
2386	0.1212425473	829.5415922
2387	0.1212027755	829.1572748
2388	0.1211606394	828.7714004
2389	0.1211158717	828.3853464
2390	0.1210749794	827.9875262
2391	0.1210178146	827.5901139
2392	0.1209688734	827.2080952
2393	0.1209122327	826.8278556
2394	0.1208710732	826.4411024
2395	0.1208157484	826.0511407
2396	0.1207585012	825.6789583
2397	0.1207019428	825.2940437
2398	0.1206590563	824.9039579
2399	0.1206150596	824.5125372
2400	0.1205723376	824.1291443
2401	0.1205317126	823.7388733
2402	0.1204886513	823.3447516
2403	0.1204347245	822.9711095
2404	0.1203974815	822.5860285
2405	0.1203407072	822.2163678
2406	0.1202948088	821.8366254
2407	0.1202376336	821.4728733
2408	0.1202002878	821.0890063
2409	0.1201627262	820.7106335
2410	0.1201043791	820.3367376
2411	0.1200486123	819.9759483
2412	0.1200082854	819.5835944
2413	0.1199526419	819.1925
2414	0.1198973581	818.8293899
2415	0.1198411184	818.4565311
2416	0.1197991057	818.0740947
2417	0.1197580181	817.7017615
2418	0.1197056743	817.3285729
2419	0.1196486328	816.9636844
2420	0.1195957031	816.5785161
2421	0.1195406147	816.2188916
2422	0.1194866571	815.8374674
2423	0.1194491262	815.4662015
2424	0.1194097553	815.0963269
2425	0.119357021	814.7238235
2426	0.1193182463	814.3523411
2427	0.1192814659	813.9885549
2428	0.1192413754	813.6332438
2429	0.1192049959	813.2626151
2430	0.1191532998	812.8809972
2431	0.1191003906	812.5226547
2432	0.1190650596	812.1677375
2433	0.1190103207	811.8056811
2434	0.1189489104	811.4538509
2435	0.1188948191	811.1026388
2436	0.1188400596	810.7418351
2437	0.118785074	810.3743266
2438	0.1187493421	810.0092063
2439	0.1187128187	809.640886
2440	0.1186756476	809.2680293
2441	0.1186402035	808.9141359
2442	0.11859853	808.5463566
2443	0.1185598787	808.176436
2444	0.1185046155	807.8343935
2445	0.1184636102	807.4751463
2446	0.1184098067	807.1296014
2447	0.1183574219	806.7838285
2448	0.1183212377	806.4167885
2449	0.1182684313	806.0693457
2450	0.1182313425	805.7040673
2451	0.1181800473	805.3347149
2452	0.1181283512	804.9809134
2453	0.1180889597	804.6259115
2454	0.1180363692	804.2695735
2455	0.1179974609	803.9118171
2456	0.1179563117	803.5541698
2457	0.1179066201	803.1887674
2458	0.1178722656	802.8310665
2459	0.1178213507	802.4695794
2460	0.1177869963	802.1193788
2461	0.1177371299	801.7798071
2462	0.1176989618	801.4217463
2463	0.11765919	801.0581162
2464	0.1176087068	800.7075944
2465	0.1175695415	800.3570807
2466	0.1175335526	799.9988143
2467	0.1174826069	799.6333779
2468	0.1174491468	799.2827437
2469	0.1174160259	798.9299319
2470	0.1173804585	798.5754255
2471	0.1173446135	798.2168186
2472	0.1173108347	797.8666426
2473	0.1172734786	797.5130692
2474	0.117240368	797.1615565
2475	0.1171895456	796.8132165
2476	0.1171390728	796.4790155
2477	0.1171040707	796.1270733
2478	0.1170665296	795.7738647
2479	0.117016139	795.4383326
2480	0.1169778269	795.0802629
2481	0.1169270045	794.7476659
2482	0.1168910567	794.3959879
2483	0.1168548109	794.0518646
2484	0.116810146	793.707592
2485	0.1167601254	793.3500999
2486	0.1167271073	793.0081868
2487	0.116695405	792.660143
2488	0.1166461554	792.3229657
2489	0.1166128803	791.9927221
2490	0.1165726563	791.6385948
2491	0.116538456	791.2808763
2492	0.1165085835	790.9325902
2493	0.1164565995	790.610955
2494	0.1164213096	790.2736127
2495	0.1163858347	789.9318963
2496	0.1163388877	789.5934449
2497	0.1163051604	789.2512155
2498	0.1162562603	788.9234023
2499	0.1162075761	788.5940587
2500	0.1161556743	788.2669022
2501	0.1161087993	787.9157516
2502	0.1160604235	787.591899
2503	0.1160271793	787.2451301
2504	0.1159773438	786.9024821
2505	0.115941396	786.5627271
2506	0.1158934416	786.2479686
2507	0.1158455695	785.9063671
2508	0.1158089021	785.5763349
2509	0.1157748047	785.2510234
2510	0.1157287623	784.9175846
2511	0.1156800884	784.5747444
2512	0.1156337479	784.2440144
2513	0.1156031456	783.9078098
2514	0.1155706723	783.581778
2515	0.1155216386	783.2738859
2516	0.1154921772	782.9473423
2517	0.1154473684	782.6166959
2518	0.115403567	782.2960783
2519	0.1153543483	781.9732342
2520	0.1153200658	781.6455129
2521	0.115271361	781.3446659
2522	0.1152315173	781.0180058
2523	0.1151969264	780.675607
2524	0.1151485095	780.3611536
2525	0.1151031147	780.0385312
2526	0.1150708162	779.7185124
2527	0.1150223273	779.4174472
2528	0.11499228	779.102154
2529	0.1149435033	778.7782626
2530	0.1148978207	778.4562027
2531	0.114850185	778.1438168
2532	0.1147983244	777.8422529
2533	0.1147683285	777.5162285
2534	0.1147200144	777.204297
2535	0.1146781661	776.8909082
2536	0.1146467825	776.5619582
2537	0.1145989309	776.2640011
2538	0.1145682566	775.9511216
2539	0.1145362356	775.6243023
2540	0.1144909128	775.3083285
2541	0.1144446752	775.0038255
2542	0.1144115748	774.686569
2543	0.1143765625	774.3768661
2544	0.1143273438	774.0726372
2545	0.1142840563	773.7630787
2546	0.1142491982	773.4378712
2547	0.1142064145	773.1223702
2548	0.1141771073	772.8025281
2549	0.1141420436	772.4854838
2550	0.1141100432	772.1680581
2551	0.1140602076	771.8577915
2552	0.1140280633	771.5501664
2553	0.1139900288	771.2471704
2554	0.1139592311	770.9249564
2555	0.1139143812	770.607867
2556	0.1138688425	770.3128962
2557	0.1138245888	770.0114571
2558	0.1137925781	769.7009655
2559	0.1137585629	769.3920017
2560	0.1137224095	769.0906501
2561	0.1136963919	768.7650085
2562	0.1136493318	768.4724442
2563	0.1136041324	768.1810313
2564	0.1135596217	767.8804117
2565	0.1135149054	767.5652383
2566	0.1134711143	767.2605282
2567	0.1134246402	766.9646916
2568	0.113380109	766.6524318
2569	0.113352611	766.3418451
2570	0.1133081928	766.0204101
2571	0.1132620888	765.7258681
2572	0.1132196135	765.4149617
2573	0.1131772101	765.0977584
2574	0.1131433697	764.79759
2575	0.1130998869	764.4911563
2576	0.1130569696	764.1946708
2577	0.1130098787	763.8995942
2578	0.1129652138	763.6078195
2579	0.112938456	763.313561
2580	0.1128943359	763.0028301
2581	0.1128485403	762.7058791
2582	0.1128045744	762.4132235
2583	0.1127599301	762.1293941
2584	0.1127310752	761.8146995
2585	0.1126998047	761.4986009
2586	0.1126603002	761.2080017
2587	0.1126167763	760.9001791
2588	0.112586287	760.5996863
2589	0.1125430613	760.3082898
2590	0.112500185	759.9989398
2591	0.1124564145	759.7172731
2592	0.1124277138	759.4325212
2593	0.1123992907	759.1344292
2594	0.1123555818	758.8448564
2595	0.1123107319	758.5646652
2596	0.1122683491	758.2625361
2597	0.1122384046	757.9653776
2598	0.112194891	757.6853164
2599	0.1121555818	757.4033585
2600	0.1121289165	757.1191316
2601	0.1121050576	756.8179065
2602	0.1120657689	756.5322344
2603	0.1120384457	756.2356788
2604	0.1120009766	755.9515547
2605	0.1119694901	755.6599063
2606	0.1119303454	755.3803888
2607	0.111887942	755.1019954
2608	0.1118603824	754.8052206
2609	0.1118340152	754.5184436
2610	0.1117921669	754.2201529
2611	0.1117571443	753.9295791
2612	0.1117189556	753.6489049
2613	0.1116887336	753.3499265
2614	0.1116592619	753.056555
2615	0.1116180407	752.7753548
2616	0.1115795539	752.4808711
2617	0.111549301	752.1989399
2618	0.1115070724	751.9281704
2619	0.1114628598	751.6507068
2620	0.1114370785	751.3724808
2621	0.1113975432	751.0817525
2622	0.1113675164	750.8006454
2623	0.111342979	750.5159287
2624	0.1113133943	750.2268511
2625	0.1112844367	749.9395018
2626	0.1112414782	749.666651
2627	0.1112034848	749.3955131
2628	0.1111643298	749.1143776
2629	0.1111416427	748.8256226
2630	0.1111022204	748.5533737
2631	0.1110734786	748.2655547
2632	0.1110368935	747.9903351
2633	0.110995991	747.7311598
2634	0.1109570004	747.4489656
2635	0.1109141859	747.179562
2636	0.1108741674	746.8986892
2637	0.1108301295	746.6331293
2638	0.1107928351	746.3537261
2639	0.1107541118	746.0686126
2640	0.1107292352	745.7914261
2641	0.1106894017	745.5098278
2642	0.1106628392	745.238595
2643	0.1106365234	744.9718357
2644	0.1106006476	744.69812
2645	0.1105735197	744.4257516
2646	0.1105462068	744.1431731
2647	0.1105203742	743.8630665
2648	0.1104811986	743.5799842
2649	0.1104567331	743.3096714
2650	0.1104164988	743.0435831
2651	0.1103887233	742.7638165
2652	0.1103502981	742.4955583
2653	0.1103120271	742.2173568
2654	0.1102763363	741.9406782
2655	0.1102522924	741.6718607
2656	0.1102130859	741.414024
2657	0.1101740851	741.1330023
2658	0.1101346423	740.8713118
2659	0.1101060341	740.5958477
2660	0.1100795641	740.3230767
2661	0.1100584396	740.0463016
2662	0.1100321546	739.7761255
2663	0.1100040604	739.4943647
2664	0.1099765728	739.217396
2665	0.1099509457	738.9440869
2666	0.1099094058	738.6875161
2667	0.1098679893	738.4357316
2668	0.1098294613	738.169259
2669	0.1097897821	737.9184955
2670	0.109750514	737.6570965
2671	0.1097231291	737.382566
2672	0.1096963096	737.1118522
2673	0.1096682566	736.8457786
2674	0.1096275288	736.5875403
2675	0.1096026521	736.3127573
2676	0.1095764597	736.0441982
2677	0.1095415193	735.7891945
2678	0.1095034642	735.5182167
2679	0.109481178	735.2559058
2680	0.109456692	734.9853766
2681	0.1094342619	734.727042
2682	0.1094079461	734.4687632
2683	0.10937059	734.2068995
2684	0.1093484786	733.9393322
2685	0.1093133018	733.6734891
2686	0.109273715	733.4105772
2687	0.109248088	733.143572
2688	0.1092236842	732.8861177
2689	0.1091821135	732.6385775
2690	0.1091581723	732.3910125
2691	0.1091258532	732.1406254
2692	0.1091004112	731.8824354
2693	0.109063384	731.6472551
2694	0.1090279708	731.3903647
2695	0.1090049445	731.127251
2696	0.1089774465	730.8753102
2697	0.1089385588	730.6324293
2698	0.1089128598	730.3751819
2699	0.108889227	730.1206489
2700	0.1088516653	729.8757152
2701	0.1088303351	729.6190579
2702	0.1088067434	729.3525564
2703	0.1087866879	729.0910432
2704	0.1087657998	728.8529805
2705	0.1087319387	728.6071768
2706	0.1087065481	728.3493917
2707	0.108670662	728.0966377
2708	0.1086312603	727.8469058
2709	0.1086056538	727.5916662
2710	0.1085661595	727.3347957
2711	0.108540625	727.086848
2712	0.1085107319	726.822562
2713	0.1084880551	726.5731043
2714	0.1084639905	726.3148348
2715	0.1084270868	726.064401
2716	0.1083931538	725.8166134
2717	0.1083707751	725.5668693
2718	0.1083493113	725.3134131
2719	0.1083247122	725.0715532
2720	0.1083041324	724.8178643
2721	0.1082679174	724.5778918
2722	0.1082465872	724.3373042
2723	0.1082261616	724.1059849
2724	0.1082008326	723.8474903
2725	0.1081770251	723.5945342
2726	0.1081520148	723.3467648
2727	0.1081198191	723.1064234
2728	0.1080942845	722.8584867
2729	0.1080735506	722.6192657
2730	0.1080511719	722.3656706
2731	0.1080313939	722.1234204
2732	0.1080128598	721.8717714
2733	0.1079803968	721.6198555
2734	0.1079405633	721.3889499
2735	0.1079201172	721.1531874
2736	0.1078871608	720.9140285
2737	0.1078496505	720.6844522
2738	0.1078291324	720.4476512
2739	0.1077919716	720.2095452
2740	0.1077558183	719.9797143
2741	0.1077184725	719.7449878
2742	0.1076845703	719.5074882
2743	0.1076489618	719.2786019
2744	0.107626141	719.0414279
2745	0.1075916632	718.7817717
2746	0.1075545744	718.5607847
2747	0.1075367085	718.3123294
2748	0.1075002878	718.0784089
2749	0.1074787932	717.844382
2750	0.1074534745	717.6188406
2751	0.1074195929	717.3858057
2752	0.1073976768	717.1345385
2753	0.1073615132	716.8879946
2754	0.1073345806	716.6429903
2755	0.1073105263	716.3975111
2756	0.1072875822	716.1544461
2757	0.1072523849	715.9313534
2758	0.1072203742	715.699245
2759	0.1071850226	715.4794151
2760	0.1071498766	715.2569858
2761	0.1071174856	715.0314724
2762	0.1070901316	714.7805538
2763	0.1070566817	714.5346761
2764	0.1070229646	714.3088139
2765	0.1069902858	714.0677853
2766	0.1069590049	713.829635
2767	0.1069233553	713.5959367
2768	0.1069020559	713.3729806
2769	0.1068655222	713.1473249
2770	0.1068481702	712.9043614
2771	0.1068099712	712.6704203
2772	0.1067744243	712.4483244
2773	0.1067526521	712.2133253
2774	0.1067189248	711.9830025
2775	0.1067002159	711.7377031
2776	0.1066681846	711.5095896
2777	0.10663419	711.2909804
2778	0.1065993524	711.061905
2779	0.1065775802	710.8283583
2780	0.106558491	710.6060204
2781	0.1065365851	710.3775739
2782	0.1065044922	710.1528788
2783	0.1064856086	709.9236791
2784	0.1064525699	709.7056445
2785	0.106417722	709.4692813
2786	0.1063854544	709.2322617
2787	0.106365183	709.0106699
2788	0.1063397615	708.7915333
2789	0.1063169716	708.5476543
2790	0.1062811061	708.3287092
2791	0.1062442434	708.1070173
2792	0.1062248252	707.8822715
2793	0.1062013672	707.6550782
2794	0.106186102	707.4208029
2795	0.1061535053	707.1981253
2796	0.1061152549	706.979921
2797	0.1060828228	706.7612223
2798	0.1060610814	706.5319903
2799	0.1060379523	706.3067738
2800	0.1060164268	706.0777301
2801	0.1059908306	705.8415569
2802	0.1059589741	705.6273631
2803	0.1059417866	705.4026219
2804	0.1059208162	705.1711445
2805	0.1058872944	704.9602638
2806	0.1058546464	704.7407548
2807	0.1058216386	704.5211162
2808	0.1057885074	704.2907266
2809	0.1057722656	704.0526373
2810	0.1057513261	703.8346217
2811	0.1057190275	703.6252706
2812	0.1056971012	703.3952311
2813	0.1056659025	703.1650551
2814	0.1056360609	702.9477457
2815	0.1056058491	702.7408606
2816	0.105587942	702.5193079
2817	0.105566838	702.2947692
2818	0.1055345498	702.0902403
2819	0.1055027447	701.8793553
2820	0.1054861328	701.656824
2821	0.1054554893	701.4255242
2822	0.1054380962	701.2105964
2823	0.1054043072	701.0046747
2824	0.1053717002	700.7995232
2825	0.1053379009	700.5940962
2826	0.1053051912	700.3963346
2827	0.105272317	700.1834616
2828	0.105253896	699.9645181
2829	0.1052248252	699.7425485
2830	0.1052061472	699.5236519
2831	0.1051819079	699.3162163
2832	0.1051648438	699.1123886
2833	0.1051344778	698.9163052
2834	0.1051018503	698.6952985
2835	0.1050692331	698.4832959
2836	0.1050386513	698.2797499
2837	0.105006507	698.0805298
2838	0.1049864309	697.8660236
2839	0.1049731188	697.6399255
2840	0.1049527858	697.4263656
2841	0.1049356908	697.2212743
2842	0.1049070004	697.0147927
2843	0.1048753289	696.8172528
2844	0.1048593647	696.5925473
2845	0.1048265317	696.3863126
2846	0.1048055818	696.1776015
2847	0.1047855366	695.9679296
2848	0.1047541941	695.7705882
2849	0.1047342825	695.5598637
2850	0.1047018606	695.3631816
2851	0.1046801604	695.1562721
2852	0.104644963	694.9587313
2853	0.1046127878	694.7547112
2854	0.1045828742	694.5407919
2855	0.1045531044	694.3216837
2856	0.1045382607	694.0967293
2857	0.104508162	693.8921762
2858	0.1044793894	693.6837713
2859	0.1044646382	693.4615011
2860	0.1044357833	693.2553612
2861	0.1044015214	693.0558477
2862	0.1043808902	692.8543477
2863	0.1043500514	692.6601342
2864	0.1043201994	692.4747388
2865	0.1042890317	692.2818201
2866	0.1042627467	692.0831162
2867	0.1042486945	691.8732627
2868	0.1042294408	691.6680521
2869	0.1042024465	691.4617516
2870	0.1041867907	691.2509611
2871	0.1041555304	691.0602588
2872	0.1041335115	690.8456636
2873	0.1041063939	690.6481696
2874	0.1040779194	690.4380362
2875	0.1040439967	690.2553233
2876	0.1040276007	690.0593161
2877	0.1039980469	689.8669719
2878	0.1039724301	689.6676973
2879	0.103957391	689.4511052
2880	0.1039265728	689.2611873
2881	0.1038972656	689.051851
2882	0.1038799239	688.8399162
2883	0.1038539885	688.6507688
2884	0.1038372122	688.4489502
2885	0.1038106291	688.253337
2886	0.1037798623	688.068822
2887	0.1037494963	687.8812803
2888	0.1037170333	687.6915245
2889	0.1036859581	687.4993331
2890	0.103655736	687.300658
2891	0.1036255345	687.0953053
2892	0.1036106908	686.8977373
2893	0.1035842208	686.7078039
2894	0.1035689556	686.5103128
2895	0.1035495477	686.3126707
2896	0.1035354544	686.1229523
2897	0.1035063425	685.93645
2898	0.1034748972	685.7455587
2899	0.1034461657	685.5659976
2900	0.1034253906	685.3711971
2901	0.103397574	685.158816
2902	0.1033800576	684.9610357
2903	0.1033545127	684.7772392
2904	0.1033253495	684.5811751
2905	0.1033067023	684.3968986
2906	0.1032900905	684.1922497
2907	0.1032706003	683.9987285
2908	0.1032402035	683.8088725
2909	0.1032107011	683.6293072
2910	0.1031804379	683.4349011
2911	0.1031634663	683.2412284
2912	0.1031335424	683.0417882
2913	0.1031142167	682.8471832
2914	0.1030965461	682.6474383
2915	0.1030707134	682.4528156
2916	0.103045734	682.2594013
2917	0.1030264597	682.0661534
2918	0.1030015419	681.8617219
2919	0.1029694696	681.6794616
2920	0.10295184	681.4855748
2921	0.1029224095	681.3107447
2922	0.1028962274	681.123621
2923	0.1028670847	680.9384722
2924	0.1028360403	680.7615698
2925	0.1028085732	680.5793
2926	0.1027818976	680.3934644
2927	0.1027563117	680.2134729
2928	0.1027284848	680.0337824
2929	0.1027139289	679.8542982
2930	0.1026835321	679.6570677
2931	0.1026705078	679.4565437
2932	0.1026441612	679.2676081
2933	0.1026166941	679.090334
2934	0.1025889083	678.9135851
2935	0.1025564659	678.7406334
2936	0.1025296567	678.5756754
2937	0.1025016859	678.3970447
2938	0.1024805715	678.2008844
2939	0.102461472	678.017799
2940	0.1024499589	677.8284623
2941	0.102433861	677.6366549
2942	0.1024019223	677.4602269
2943	0.102387428	677.2725169
2944	0.1023585115	677.0994326
2945	0.1023323499	676.9266862
2946	0.1023023643	676.7578138
2947	0.102273787	676.5719163
2948	0.1022543277	676.3802307
2949	0.1022390625	676.1990115
2950	0.1022250925	676.0244087
2951	0.1022070518	675.8466666
2952	0.1021818668	675.6510741
2953	0.1021680099	675.4784998
2954	0.1021394428	675.3092334
2955	0.1021164474	675.1352306
2956	0.1021016961	674.9490459
2957	0.1020870169	674.7613082
2958	0.1020735403	674.5761708
2959	0.1020418586	674.4045681
2960	0.1020282381	674.2328898
2961	0.1020016653	674.044313
2962	0.1019740132	673.8731828
2963	0.1019613692	673.6884732
2964	0.1019355674	673.5039692
2965	0.1019065481	673.3284113
2966	0.101879081	673.1636001
2967	0.1018527755	672.9989407
2968	0.1018240029	672.8300117
2969	0.1017983141	672.6583802
2970	0.1017715872	672.4904236
2971	0.101742537	672.3216233
2972	0.1017161287	672.1562766
2973	0.101693051	671.9895418
2974	0.101664597	671.8215783
2975	0.1016475021	671.6535087
2976	0.1016236328	671.5000687
2977	0.1015995785	671.3312442
2978	0.1015715563	671.1590688
2979	0.1015472348	670.9924396
2980	0.1015237048	670.8167387
2981	0.1015105674	670.6508924
2982	0.101486472	670.4698609
2983	0.1014685033	670.2975287
2984	0.1014421978	670.1270822
2985	0.1014277858	669.9461989
2986	0.1014021176	669.7826475
2987	0.1013802323	669.6046331
2988	0.1013564659	669.4275696
2989	0.1013318051	669.2675636
2990	0.1013148232	669.0994646
2991	0.1013008429	668.9281972
2992	0.1012869449	668.7603997
2993	0.1012640728	668.5834673
2994	0.1012375822	668.4230658
2995	0.1012110609	668.2573996
2996	0.1011892681	668.0832059
2997	0.1011602488	667.9197148
2998	0.1011388775	667.7510505
2999	0.1011151933	667.5826665
3000	0.1010978927	667.4203771
3001	0.1010825555	667.2466433
3002	0.1010564659	667.0863728
3003	0.1010308285	666.9229282
3004	0.1010047389	666.7610602
3005	0.1009818257	666.5887393
3006	0.1009611739	666.4256579
3007	0.1009477282	666.2555153
3008	0.1009201789	666.0991489
3009	0.1008943051	665.9396057
3010	0.1008767475	665.7660684
3011	0.1008526213	665.6022672
3012	0.1008267373	665.4457149
3013	0.1008005654	665.2900331
3014	0.1007789474	665.1309764
3015	0.100754852	664.970585
3016	0.1007392167	664.8103818
3017	0.1007147924	664.6547134
3018	0.1006929585	664.4922928
3019	0.1006650493	664.3339863
3020	0.1006437089	664.1745059
3021	0.1006184416	664.0200195
3022	0.1005937911	663.8665362
3023	0.1005691406	663.7078855
3024	0.1005443565	663.5531605
3025	0.1005182977	663.3982369
3026	0.1004938322	663.2448048
3027	0.1004680201	663.0898417
3028	0.1004545539	662.9222899
3029	0.1004385588	662.7547608
3030	0.1004094675	662.6045308
3031	0.1003877673	662.452119
3032	0.1003646998	662.297068
3033	0.1003531147	662.1304226
3034	0.1003293277	661.9803441
3035	0.1003162726	661.8182118
3036	0.100294634	661.6527817
3037	0.100269706	661.5010305
3038	0.1002455798	661.3502549
3039	0.1002326172	661.1816754
3040	0.1002090769	661.0291312
3041	0.1001861225	660.871202
3042	0.1001620271	660.7232192
3043	0.1001365029	660.5678603
3044	0.1001153886	660.4092333
3045	0.1000874794	660.2565758
3046	0.1000749178	660.0941509
3047	0.1000576275	659.9366513
3048	0.1000344367	659.7798656
3049	0.1000124794	659.6064072
3050	0.09998841488	659.4539889
3051	0.09997508224	659.3041185
3052	0.09995296053	659.1492428
3053	0.09993807566	658.9846802
3054	0.09992239926	658.8292059
3055	0.09990090461	658.6744476
3056	0.09987833059	658.5374944
3057	0.09985578742	658.3872517
3058	0.09984459293	658.2284266
3059	0.09982184416	658.091184
3060	0.09980518092	657.932484
3061	0.09979554893	657.7583418
3062	0.09977220395	657.6143791
3063	0.09974580592	657.4664175
3064	0.09972349918	657.3118303
3065	0.09970037007	657.167081
3066	0.09968528988	657.0166561
3067	0.09966297286	656.8543489
3068	0.09964910567	656.6987642
3069	0.0996337685	656.5421575
3070	0.09960960115	656.3857762
3071	0.09958761308	656.2518931
3072	0.09956533717	656.1141713
3073	0.09954204359	655.9612045
3074	0.09952737459	655.8046189
3075	0.09950300164	655.6564132
3076	0.0994880037	655.5021227
3077	0.09947466077	655.3456577
3078	0.09945397821	655.1948476
3079	0.09943121916	655.0612806
3080	0.09941582031	654.9146184
3081	0.09939254729	654.7706231
3082	0.09937055921	654.620438
3083	0.09934934211	654.4834269
3084	0.09933680099	654.3219081
3085	0.09931399054	654.181671
3086	0.09928864104	654.0400853
3087	0.09926833882	653.8925676
3088	0.09925443051	653.7463357
3089	0.0992420847	653.5979932
3090	0.09921956209	653.456479
3091	0.09921077303	653.300448
3092	0.09918440584	653.1646123
3093	0.09916126645	653.0221789
3094	0.09914936266	652.8764125
3095	0.09913540296	652.720474
3096	0.09911569696	652.5617233
3097	0.09909663857	652.4158209
3098	0.09907486637	652.2802637
3099	0.09905609581	652.1374057
3100	0.09903730469	651.9879035
3101	0.09901598479	651.8591693
3102	0.09899325658	651.7177737
3103	0.09897104235	651.5741969
3104	0.09895104852	651.432938
3105	0.09892811472	651.280262
3106	0.09891575863	651.1302319
3107	0.09889566201	650.9740076
3108	0.09888262747	650.8295048
3109	0.09886589227	650.6878193
3110	0.09885470806	650.5381165
3111	0.09883248355	650.4009415
3112	0.09881187294	650.2638703
3113	0.0988004009	650.1119476
3114	0.09878116776	649.9757441
3115	0.09876151316	649.8377206
3116	0.0987401213	649.7075649
3117	0.09871893503	649.5688206
3118	0.09869775905	649.4168349
3119	0.09867903988	649.2794231
3120	0.09865613692	649.1281003
3121	0.09863587582	648.9941152
3122	0.09861282895	648.8351172
3123	0.09859281456	648.6913012
3124	0.098574044	648.5556303
3125	0.09855583882	648.4184681
3126	0.09853372738	648.287828
3127	0.09851169819	648.1429259
3128	0.09848596834	648.0107664
3129	0.09846258224	647.8771824
3130	0.09845450247	647.7177439
3131	0.09844138569	647.5814029
3132	0.09841917146	647.4369088
3133	0.09839767681	647.3051713
3134	0.09838465255	647.1679107
3135	0.09836452508	647.0286552
3136	0.0983511616	646.8881367
3137	0.09834300987	646.7430877
3138	0.0983307977	646.6038074
3139	0.09831106086	646.4613624
3140	0.09828727385	646.3301932
3141	0.09827782689	646.1987639
3142	0.09825501645	646.0769177
3143	0.09823246299	645.9466383
3144	0.09821240748	645.8187694
3145	0.09818981291	645.6857336
3146	0.0981782278	645.5421509
3147	0.0981655736	645.3999393
3148	0.09815358758	645.2585649
3149	0.09813524877	645.1285881
3150	0.09812199836	644.9948751
3151	0.09810222039	644.8762447
3152	0.09808020148	644.7372632
3153	0.09805976563	644.6098902
3154	0.09804041941	644.4814885
3155	0.09803257607	644.3273995
3156	0.09801425781	644.1922485
3157	0.09799619655	644.06614
3158	0.09797892681	643.9371947
3159	0.09795664062	643.8152888
3160	0.09793737664	643.6840493
3161	0.09792375617	643.5393166
3162	0.09790349507	643.4112374
3163	0.09788258635	643.2660411
3164	0.09786302426	643.150846
3165	0.097841581	643.0232928
3166	0.09782186472	642.8952449
3167	0.09780264186	642.765897
